cid,fid
145,1
108,1
98,1
121,1
34,1
113,1
143,1
172,2
84,2
163,2
114,2
132,2
96,2
50,3
33,3
81,3
47,3
116,3
163,3
139,3
82,3
95,4
108,4
29,4
98,4
58,4
78,4
186,4
146,5
136,5
30,5
78,5
37,5
98,5
121,5
68,5
43,6
156,6
15,6
4,6
99,6
121,6
23,6
152,6
87,7
200,7
118,7
196,7
51,7
1,7
62,7
54,7
184,7
175,7
107,7
43,8
137,8
30,8
184,8
62,8
131,8
113,8
99,8
14,9
158,9
51,9
187,9
114,9
64,9
34,9
8,9
62,9
103,10
105,10
88,10
58,10
4,10
18,10
135,11
173,11
4,11
186,11
138,11
157,11
76,11
8,11
99,11
88,11
191,11
98,11
117,12
108,12
149,12
48,12
88,12
138,12
114,12
121,12
64,12
186,12
82,12
3,13
150,13
55,13
78,13
157,13
186,13
27,13
99,13
113,13
146,14
77,14
138,14
196,14
126,14
193,15
189,15
196,15
53,15
191,15
116,15
38,15
15,15
7,15
177,15
162,15
185,16
181,16
186,16
76,16
41,16
88,16
166,16
61,16
138,16
131,16
191,16
92,16
164,17
198,17
175,17
177,17
95,18
17,18
157,18
196,18
86,18
23,18
78,18
121,18
29,18
30,18
153,18
95,19
142,19
62,19
4,19
184,19
113,19
81,19
86,19
149,19
54,19
111,20
69,20
157,20
38,20
29,20
76,20
184,20
47,20
177,20
162,20
57,21
189,21
132,21
184,21
1,21
162,21
127,22
10,22
88,22
55,22
175,22
61,22
114,22
132,22
30,22
62,22
196,22
126,22
14,23
198,23
86,23
38,23
166,23
8,23
140,23
187,23
196,23
121,23
162,23
117,24
200,24
99,24
27,24
132,24
76,24
37,24
44,24
14,25
10,25
34,25
40,25
131,25
7,25
176,25
188,26
84,26
23,26
149,26
139,26
179,26
157,26
82,26
59,27
119,27
116,27
186,27
103,28
199,28
7,28
177,28
48,28
64,28
139,28
101,28
59,29
160,29
149,29
55,29
81,29
78,29
24,29
73,30
21,30
15,30
81,30
132,30
175,30
99,30
125,31
181,31
54,31
157,31
166,31
186,31
8,31
27,31
149,31
78,31
165,31
167,32
119,32
187,32
89,32
30,32
76,32
86,32
163,32
8,32
193,33
150,33
48,33
187,33
139,33
76,33
135,34
69,34
149,34
176,34
89,34
121,34
76,34
143,34
58,34
140,34
48,34
155,35
105,35
116,35
47,35
8,35
143,35
114,35
132,35
88,35
4,35
65,36
137,36
149,36
132,36
41,36
23,36
177,36
131,36
6,36
43,37
183,37
138,37
113,37
34,37
61,37
30,37
163,37
175,37
64,37
58,37
140,37
102,37
185,38
100,38
140,38
98,38
76,38
53,38
191,38
57,39
181,39
27,39
177,39
55,39
187,39
114,39
192,39
26,40
52,40
64,40
54,40
157,40
185,41
158,41
140,41
177,41
60,42
158,42
40,42
121,42
41,42
38,42
54,42
78,42
58,42
61,42
152,42
167,43
137,43
61,43
47,43
116,43
157,43
166,43
131,43
191,43
40,43
20,43
172,44
142,44
177,44
101,44
34,44
191,44
73,45
160,45
157,45
118,45
191,45
186,45
196,45
54,45
40,45
184,45
8,45
4,45
130,46
105,46
64,46
86,46
1,46
88,46
45,46
83,47
110,47
53,47
76,47
95,48
77,48
157,48
166,48
175,48
48,48
1,48
140,48
190,48
146,49
128,49
76,49
101,49
62,49
15,49
146,50
39,50
191,50
8,50
157,50
116,50
64,50
197,51
105,51
55,51
1,51
29,51
98,51
88,51
149,51
76,51
176,51
86,51
190,51
43,52
52,52
166,52
175,52
131,52
78,52
187,52
98,52
101,52
149,52
127,53
123,53
163,53
121,53
99,53
8,53
116,53
78,53
140,53
62,53
41,53
68,53
129,54
199,54
78,54
23,54
131,54
184,54
48,54
54,54
14,55
123,55
163,55
58,55
81,55
55,55
50,56
160,56
196,56
40,56
114,56
4,56
113,56
38,56
177,56
187,56
179,56
172,57
180,57
30,57
1,57
8,57
89,57
23,57
187,57
37,57
186,57
55,57
178,57
46,58
79,58
138,58
132,58
55,58
76,58
51,58
23,58
15,58
29,58
98,58
86,58
16,58
65,59
21,59
196,59
7,59
121,59
58,59
30,59
56,60
105,60
48,60
54,60
186,60
166,60
41,60
88,60
78,60
132,60
152,60
43,61
128,61
40,61
175,61
118,61
78,61
187,61
51,61
30,61
81,61
64,61
157,61
117,62
173,62
143,62
187,62
41,62
76,62
37,62
9,62
50,63
199,63
179,63
7,63
64,63
118,63
23,63
175,63
87,64
183,64
177,64
64,64
8,64
15,64
157,64
131,64
101,64
187,64
37,64
58,64
135,65
173,65
139,65
179,65
7,65
47,65
54,65
8,65
143,65
184,65
78,65
64,65
19,65
65,66
13,66
131,66
114,66
179,66
166,66
41,66
29,66
184,66
170,66
111,67
77,67
81,67
86,67
37,67
194,68
49,68
163,68
116,68
40,68
83,69
52,69
58,69
29,69
89,69
88,69
132,69
62,69
51,69
37,69
139,69
120,69
129,70
136,70
114,70
139,70
89,70
27,70
94,70
133,71
156,71
157,71
78,71
118,71
51,71
23,71
175,71
34,71
126,71
83,72
137,72
53,72
99,72
40,72
30,72
81,72
186,72
118,72
178,72
185,73
123,73
64,73
175,73
27,73
169,74
5,74
163,74
37,74
54,74
95,75
67,75
163,75
47,75
89,75
98,75
166,75
145,76
137,76
98,76
41,76
99,76
8,76
179,76
187,76
124,76
57,77
49,77
4,77
54,77
51,77
113,77
111,78
181,78
62,78
99,78
139,78
76,78
191,78
29,78
187,78
111,79
66,79
38,79
55,79
143,79
121,79
116,79
62,79
139,79
90,80
160,80
114,80
175,80
8,80
184,80
196,80
12,80
65,81
137,81
186,81
53,81
47,81
138,81
62,81
149,81
8,81
16,81
194,82
33,82
47,82
116,82
76,82
30,82
23,82
8,82
93,82
197,83
69,83
196,83
143,83
58,83
89,83
179,83
46,84
22,84
29,84
48,84
118,84
38,84
196,84
72,84
32,85
10,85
51,85
27,85
53,85
177,85
185,86
180,86
186,86
86,86
114,86
38,86
41,86
163,86
19,86
25,87
35,87
157,87
89,87
34,87
9,87
87,88
180,88
89,88
27,88
62,88
64,88
55,88
149,88
167,89
189,89
176,89
132,89
175,89
4,89
118,89
166,89
58,89
184,89
187,89
182,90
84,90
101,90
118,90
140,90
98,90
177,90
73,91
180,91
191,91
15,91
166,91
51,91
4,91
143,91
114,91
54,91
98,91
124,91
56,92
134,92
51,92
4,92
68,92
65,93
158,93
140,93
163,93
4,93
143,93
8,93
121,93
169,94
183,94
177,94
40,94
118,94
132,94
4,94
157,94
29,94
38,94
30,94
129,95
49,95
1,95
78,95
163,95
64,95
7,95
76,95
179,95
151,95
59,96
79,96
88,96
62,96
41,96
54,96
172,97
66,97
118,97
38,97
127,98
66,98
54,98
27,98
176,98
139,98
62,98
86,98
41,98
113,98
58,98
45,98
106,99
108,99
89,99
40,99
37,99
99,99
139,99
58,99
140,99
191,99
61,99
115,99
129,100
5,100
179,100
81,100
37,100
176,100
47,100
166,100
15,100
62,100
194,101
77,101
89,101
54,101
187,101
139,101
29,101
28,101
172,102
84,102
196,102
143,102
30,102
88,102
64,102
118,102
65,103
189,103
177,103
4,103
8,103
114,103
51,103
80,103
171,104
52,104
179,104
99,104
157,104
30,104
191,104
38,104
101,104
176,104
192,104
172,105
119,105
175,105
186,105
27,105
121,105
40,105
29,105
113,105
149,105
92,105
117,106
110,106
15,106
78,106
103,107
69,107
175,107
54,107
41,107
34,107
61,107
58,107
64,107
55,107
113,107
118,107
12,107
26,108
183,108
101,108
121,108
40,108
30,108
34,108
131,108
61,108
78,108
191,108
65,109
180,109
89,109
191,109
53,109
88,109
175,109
24,109
111,110
100,110
121,110
196,110
53,110
41,110
8,110
116,110
7,110
149,110
62,110
38,110
111,111
160,111
64,111
101,111
83,112
52,112
140,112
40,112
64,112
58,112
191,112
55,112
138,112
53,112
24,112
127,113
67,113
131,113
27,113
8,113
30,113
121,113
1,113
155,114
69,114
121,114
37,114
89,114
81,114
187,114
101,114
99,114
62,114
166,114
74,114
70,115
156,115
62,115
61,115
103,116
119,116
140,116
116,116
64,116
68,116
32,117
39,117
166,117
143,117
4,117
146,118
142,118
99,118
15,118
143,118
179,118
64,118
176,118
149,118
27,118
114,118
163,118
112,118
125,119
156,119
48,119
187,119
175,119
98,119
139,119
176,119
1,119
196,119
171,120
100,120
51,120
131,120
106,121
13,121
99,121
4,121
64,121
55,121
186,121
8,121
115,121
194,122
136,122
7,122
15,122
177,122
186,122
51,122
164,123
39,123
58,123
47,123
121,123
30,123
88,123
78,123
103,124
110,124
101,124
55,124
113,124
131,124
54,124
76,124
196,124
7,124
75,124
133,125
22,125
113,125
78,125
140,125
30,125
138,125
98,125
4,125
93,125
145,126
49,126
30,126
1,126
138,126
61,126
163,126
191,126
7,126
8,126
37,126
101,126
125,127
84,127
196,127
140,127
34,127
163,127
157,127
48,127
149,127
116,127
162,127
3,128
79,128
196,128
132,128
8,128
81,128
139,128
177,128
175,128
82,128
164,129
160,129
30,129
76,129
29,129
78,129
196,129
184,129
138,129
187,129
113,129
171,130
119,130
132,130
114,130
131,130
175,130
81,130
41,130
53,130
37,130
62,130
57,131
156,131
64,131
27,131
186,131
121,131
78,131
101,131
176,131
37,131
184,131
74,131
60,132
66,132
62,132
61,132
124,132
26,133
200,133
58,133
149,133
53,133
51,133
175,133
71,134
160,134
30,134
62,134
18,134
70,135
2,135
15,135
98,135
34,135
29,135
186,135
172,136
39,136
143,136
64,136
186,136
132,136
113,136
47,136
78,136
149,136
4,136
40,136
65,137
150,137
34,137
163,137
55,137
81,137
59,138
77,138
78,138
1,138
89,138
7,138
177,138
88,138
176,138
155,139
183,139
38,139
132,139
37,139
113,139
65,140
160,140
177,140
196,140
114,140
78,140
89,140
53,140
19,140
32,141
158,141
113,141
38,141
126,141
106,142
67,142
191,142
30,142
116,142
179,142
101,142
15,142
55,142
166,142
73,143
39,143
78,143
4,143
131,143
116,143
132,143
149,143
187,143
163,143
157,143
41,143
14,144
180,144
34,144
138,144
191,144
37,144
99,144
4,144
187,144
47,144
131,144
182,145
105,145
138,145
1,145
98,145
40,145
34,145
177,145
184,145
26,146
21,146
78,146
114,146
127,147
39,147
7,147
143,147
29,147
42,147
154,148
199,148
143,148
175,148
194,149
79,149
55,149
143,149
72,149
172,150
108,150
186,150
89,150
7,150
184,150
166,150
88,150
86,150
151,150
46,151
108,151
101,151
29,151
55,151
98,151
149,151
184,151
99,151
121,151
15,151
96,151
14,152
21,152
54,152
118,152
53,152
63,152
73,153
137,153
139,153
186,153
196,153
138,153
131,153
104,154
79,154
1,154
138,154
23,154
41,154
140,154
76,154
88,154
48,154
175,154
40,154
117,155
199,155
40,155
114,155
143,155
176,155
162,155
125,156
180,156
15,156
140,156
177,156
29,156
7,156
81,156
30,156
61,156
187,156
86,156
60,157
183,157
177,157
47,157
191,157
40,157
149,157
106,158
150,158
176,158
40,158
191,158
7,158
116,158
29,158
14,159
77,159
121,159
138,159
75,159
182,160
128,160
98,160
4,160
114,160
61,160
184,160
37,160
40,160
196,160
187,160
47,160
152,160
135,161
2,161
113,161
116,161
27,161
191,161
157,161
149,161
175,161
91,162
173,162
86,162
131,162
34,162
53,162
58,162
152,162
26,163
5,163
101,163
179,163
88,163
166,163
149,163
27,163
30,163
29,163
24,163
111,164
13,164
88,164
186,164
157,164
41,164
187,164
176,164
48,164
24,164
91,165
17,165
177,165
30,165
127,166
110,166
132,166
98,166
29,166
116,166
1,166
145,167
150,167
113,167
15,167
71,168
198,168
89,168
140,168
101,168
176,168
45,168
194,169
173,169
15,169
64,169
191,169
175,169
86,169
121,169
126,169
172,170
21,170
34,170
48,170
64,170
58,170
118,170
196,170
55,170
157,170
141,170
167,171
150,171
23,171
62,171
118,171
55,171
153,171
195,172
52,172
157,172
1,172
132,172
48,172
7,172
86,172
118,172
38,172
155,173
35,173
132,173
4,173
58,173
62,173
184,173
53,173
44,173
46,174
123,174
86,174
51,174
48,174
138,174
64,174
88,174
140,174
61,174
72,174
65,175
5,175
41,175
15,175
163,175
166,175
149,175
161,175
130,176
13,176
132,176
4,176
166,176
114,176
143,176
176,176
7,176
34,176
54,176
186,176
70,177
136,177
15,177
37,177
47,177
86,177
82,177
90,178
69,178
54,178
149,178
64,178
166,178
147,178
111,179
136,179
191,179
139,179
177,179
196,179
8,179
30,179
83,180
33,180
37,180
78,180
29,180
38,180
48,180
63,180
125,181
108,181
81,181
121,181
34,181
184,181
61,181
28,181
73,182
69,182
88,182
140,182
55,182
41,182
78,182
54,182
184,182
166,182
196,182
68,182
87,183
52,183
7,183
23,183
40,183
1,183
139,183
131,183
58,183
61,183
89,183
70,184
5,184
86,184
4,184
157,184
25,185
52,185
61,185
98,185
179,185
118,185
99,185
7,185
47,185
157,185
169,186
128,186
27,186
101,186
37,186
48,186
1,186
29,186
76,186
23,186
8,186
30,186
19,186
56,187
108,187
116,187
132,187
186,187
88,187
196,187
8,187
64,187
98,187
89,187
178,187
46,188
49,188
23,188
99,188
47,188
113,188
191,188
127,189
108,189
47,189
88,189
141,189
70,190
35,190
86,190
143,190
29,190
101,190
191,190
53,190
74,190
182,191
52,191
23,191
113,191
197,192
110,192
15,192
176,192
62,192
34,192
111,193
67,193
163,193
149,193
7,193
99,193
174,193
59,194
134,194
176,194
143,194
56,195
2,195
41,195
61,195
177,195
54,195
7,195
38,195
133,196
160,196
41,196
186,196
135,197
66,197
34,197
116,197
23,197
51,197
7,197
176,197
166,197
38,197
64,197
11,197
155,198
181,198
116,198
139,198
81,198
163,198
34,198
113,198
31,198
50,199
67,199
187,199
163,199
54,199
53,199
166,199
61,199
140,199
18,199
164,200
136,200
118,200
177,200
38,200
1,200
112,200
171,201
136,201
78,201
76,201
139,201
89,201
38,201
30,201
74,201
164,202
142,202
61,202
114,202
177,202
48,202
78,202
175,202
54,202
58,202
135,203
10,203
58,203
163,203
53,203
64,203
166,203
106,204
108,204
53,204
140,204
81,204
41,204
29,204
187,204
118,204
138,204
61,204
101,204
185,205
105,205
114,205
184,205
37,205
89,205
116,205
41,205
7,205
14,206
150,206
114,206
53,206
98,206
81,206
41,206
186,206
187,206
64,206
34,206
140,206
109,207
77,207
191,207
37,207
62,207
179,207
47,207
89,207
51,207
149,207
9,207
155,208
142,208
99,208
187,208
179,208
118,208
78,208
18,208
155,209
100,209
101,209
175,209
154,210
49,210
29,210
101,210
64,210
138,210
177,210
55,210
116,210
51,210
53,210
193,211
200,211
29,211
53,211
41,211
23,211
139,211
99,211
132,211
117,212
33,212
89,212
34,212
53,212
196,212
4,212
20,212
25,213
160,213
76,213
47,213
118,213
186,213
37,213
34,213
51,213
191,213
80,213
57,214
181,214
163,214
166,214
50,215
189,215
34,215
132,215
91,216
77,216
27,216
176,216
51,216
89,216
8,216
139,216
30,216
102,216
155,217
136,217
55,217
176,217
145,218
21,218
1,218
86,218
81,218
187,218
25,219
105,219
76,219
140,219
175,219
191,219
8,219
103,220
137,220
163,220
61,220
78,220
114,220
8,220
174,220
25,221
22,221
27,221
179,221
78,221
14,222
10,222
139,222
51,222
185,223
21,223
138,223
139,223
53,223
120,223
197,224
52,224
176,224
27,224
1,224
40,224
11,224
90,225
198,225
143,225
61,225
28,225
32,226
22,226
1,226
191,226
78,226
41,226
20,226
146,227
22,227
62,227
40,227
30,227
143,227
101,227
166,227
176,227
175,227
122,227
26,228
180,228
184,228
78,228
107,228
46,229
5,229
184,229
99,229
149,229
29,229
7,229
148,229
146,230
137,230
179,230
81,230
133,231
200,231
140,231
8,231
177,231
27,231
53,231
86,231
47,231
37,231
81,231
36,231
144,232
2,232
54,232
51,232
89,232
140,232
15,232
34,232
37,232
99,232
97,232
125,233
110,233
184,233
149,233
58,233
89,233
114,233
101,233
81,233
37,233
191,233
68,233
56,234
69,234
15,234
132,234
55,234
53,234
30,234
54,234
85,234
25,235
183,235
53,235
166,235
64,235
175,235
58,235
30,235
23,235
89,235
38,235
25,236
77,236
61,236
166,236
106,237
52,237
179,237
177,237
29,237
89,237
116,237
76,237
114,237
57,238
181,238
89,238
47,238
190,238
154,239
134,239
139,239
4,239
99,239
191,239
175,239
61,239
37,239
186,239
187,239
184,239
3,240
189,240
175,240
187,240
114,240
121,240
191,240
179,240
86,240
133,241
69,241
186,241
157,241
76,241
190,241
146,242
189,242
176,242
196,242
55,242
89,242
140,242
161,242
130,243
183,243
89,243
114,243
187,243
81,243
78,243
57,245
13,245
101,245
138,245
162,245
46,246
22,246
4,246
98,246
157,246
163,246
125,247
136,247
76,247
196,247
161,247
193,248
5,248
175,248
177,248
127,249
123,249
38,249
41,249
64,249
127,250
183,250
177,250
27,250
60,251
52,251
4,251
121,251
53,251
131,251
163,251
34,251
37,251
186,251
45,251
145,252
21,252
27,252
157,252
186,252
132,252
54,252
1,252
61,252
138,252
71,253
35,253
89,253
184,253
186,253
113,253
37,253
99,253
131,253
50,254
123,254
29,254
139,254
81,254
152,254
109,255
181,255
132,255
27,255
143,255
191,255
30,255
177,255
163,255
81,255
115,255
71,256
22,256
131,256
149,256
48,256
81,256
34,256
124,256
95,257
142,257
157,257
88,257
121,257
132,257
98,257
161,257
56,258
198,258
29,258
34,258
37,258
151,258
172,259
199,259
184,259
187,259
4,259
64,259
23,259
132,259
165,259
59,260
142,260
78,260
41,260
177,260
114,260
164,261
142,261
51,261
187,261
175,261
113,261
29,261
118,261
18,261
70,262
22,262
41,262
177,262
99,262
166,262
53,262
153,262
14,263
200,263
186,263
54,263
184,263
157,263
116,263
191,263
90,264
22,264
113,264
7,264
196,264
184,264
178,264
57,265
105,265
184,265
113,265
187,265
7,265
132,265
86,265
130,266
69,266
7,266
8,266
196,266
139,266
6,266
111,267
119,267
179,267
184,267
70,268
69,268
157,268
51,268
4,268
149,268
40,268
190,268
195,269
49,269
4,269
176,269
38,269
62,269
143,269
71,270
160,270
186,270
89,270
53,270
64,270
51,270
29,270
125,271
119,271
55,271
37,271
76,271
62,271
166,271
8,271
25,272
39,272
132,272
34,272
177,272
1,272
75,272
133,273
137,273
118,273
163,273
51,273
121,273
58,273
29,273
54,273
196,273
157,273
61,273
65,274
119,274
51,274
177,274
118,274
196,274
76,274
157,274
116,274
132,274
185,275
21,275
47,275
1,275
27,275
37,275
131,275
81,275
122,275
111,276
10,276
139,276
55,276
95,277
77,277
62,277
186,277
103,278
180,278
149,278
157,278
106,279
142,279
29,279
81,279
60,280
49,280
114,280
61,280
175,280
139,280
191,280
143,280
184,280
78,280
145,281
183,281
48,281
99,281
73,282
123,282
38,282
29,282
86,282
166,282
140,282
196,282
64,282
195,283
49,283
177,283
196,283
76,283
131,283
7,283
8,283
175,283
118,283
193,284
84,284
187,284
114,284
37,284
58,284
55,284
72,284
171,285
198,285
196,285
48,285
54,285
113,285
140,285
30,285
78,285
29,285
191,285
98,285
152,285
169,286
79,286
41,286
186,286
88,286
114,286
138,286
8,286
46,287
156,287
86,287
140,287
116,287
176,287
166,287
88,287
129,288
5,288
76,288
54,288
101,288
138,288
18,288
14,289
173,289
64,289
163,289
51,289
98,289
55,289
37,289
19,289
117,290
136,290
54,290
131,290
38,290
41,290
187,290
116,290
168,290
135,291
200,291
191,291
99,291
8,291
175,291
184,291
55,291
167,292
10,292
78,292
116,292
27,292
169,293
108,293
54,293
88,293
4,293
86,293
37,293
140,293
34,293
131,293
185,294
49,294
37,294
4,294
139,294
86,294
8,294
54,294
177,294
98,294
196,294
76,294
126,294
104,295
21,295
166,295
55,295
88,295
191,295
139,295
186,295
68,295
155,296
198,296
138,296
7,296
125,298
10,298
176,298
143,298
30,298
34,298
27,298
81,298
129,299
13,299
191,299
53,299
37,299
29,299
159,299
32,300
150,300
99,300
53,300
184,300
149,300
86,300
61,300
129,301
77,301
191,301
7,301
91,302
5,302
54,302
166,302
86,302
118,302
60,303
137,303
166,303
76,303
1,303
7,303
54,303
107,303
195,304
69,304
163,304
191,304
176,304
7,304
34,304
4,304
179,304
98,304
143,304
175,304
70,305
100,305
157,305
54,305
37,305
76,305
187,305
72,305
195,306
13,306
157,306
38,306
8,306
187,306
121,306
30,306
178,306
169,307
136,307
163,307
121,307
68,307
60,308
17,308
8,308
29,308
120,308
106,309
17,309
54,309
76,309
101,309
190,309
43,310
13,310
116,310
187,310
196,310
184,310
86,310
15,310
114,310
191,310
138,310
113,310
170,310
182,311
128,311
15,311
48,311
64,311
55,311
57,312
77,312
55,312
177,312
101,312
163,312
98,312
121,312
162,312
65,313
49,313
78,313
51,313
86,313
172,314
160,314
138,314
53,314
139,314
7,314
179,314
87,315
5,315
64,315
23,315
196,315
147,315
146,316
160,316
139,316
1,316
8,316
60,317
39,317
138,317
78,317
4,317
58,317
64,317
143,317
186,317
196,317
9,317
71,318
100,318
179,318
51,318
76,318
30,318
61,318
184,318
131,318
132,318
186,318
55,318
109,319
79,319
4,319
30,319
176,319
139,319
28,319
3,320
158,320
157,320
177,320
99,320
88,320
34,320
7,320
23,320
58,320
197,321
158,321
37,321
27,321
101,321
38,321
131,321
157,321
149,321
64,321
143,321
187,321
117,322
108,322
88,322
131,322
61,322
54,322
187,322
58,322
176,322
139,322
138,322
85,322
65,323
198,323
118,323
163,323
38,323
88,323
48,323
135,324
105,324
62,324
177,324
102,324
87,325
200,325
138,325
175,325
40,325
81,325
131,325
62,325
76,325
90,326
52,326
15,326
191,326
55,326
89,326
1,326
50,327
10,327
29,327
176,327
51,327
55,327
184,327
116,327
27,327
89,327
4,327
92,327
56,328
67,328
186,328
88,328
101,328
76,328
177,328
152,328
26,329
79,329
196,329
41,329
184,329
155,330
183,330
58,330
40,330
88,330
132,330
7,330
121,330
27,330
93,330
87,331
189,331
86,331
114,331
29,331
131,331
89,331
47,331
196,331
101,331
55,331
31,331
50,332
2,332
30,332
47,332
40,332
54,332
37,332
184,332
4,332
191,332
178,332
125,333
22,333
149,333
196,333
162,333
14,334
84,334
116,334
121,334
1,334
196,334
88,334
187,334
81,334
23,334
132,334
29,334
127,335
189,335
191,335
55,335
48,335
118,335
101,335
78,335
143,335
38,335
147,335
26,336
200,336
27,336
88,336
61,336
191,336
30,336
54,336
29,336
103,337
33,337
30,337
53,337
99,337
55,337
191,337
29,337
95,338
49,338
58,338
7,338
57,339
5,339
149,339
138,339
109,340
84,340
118,340
177,340
30,340
38,340
48,340
76,340
92,340
59,341
150,341
48,341
177,341
166,341
28,341
91,342
199,342
99,342
81,342
53,342
86,342
186,342
139,342
7,342
179,342
54,342
109,343
156,343
62,343
1,343
4,343
89,343
164,344
108,344
81,344
30,344
40,344
1,344
54,344
34,344
118,344
139,344
149,344
186,344
174,344
117,345
17,345
38,345
88,345
187,345
149,345
113,345
188,346
39,346
48,346
38,346
40,346
187,346
4,346
102,346
185,347
2,347
101,347
175,347
132,347
176,347
190,347
188,348
22,348
30,348
166,348
38,348
15,348
37,348
101,348
29,348
131,348
163,348
148,348
109,349
2,349
54,349
139,349
177,349
90,350
39,350
196,350
47,350
58,350
132,350
99,350
29,350
131,350
149,350
193,351
180,351
163,351
51,351
55,351
34,351
99,351
31,351
169,352
136,352
140,352
78,352
50,353
66,353
186,353
143,353
61,353
98,353
7,353
51,353
114,353
163,353
121,353
171,354
33,354
140,354
196,354
101,354
88,354
38,354
50,355
160,355
177,355
138,355
29,355
121,355
7,355
48,355
186,355
98,355
175,355
47,355
194,356
123,356
140,356
186,356
23,356
93,356
90,357
5,357
34,357
89,357
53,357
143,357
8,357
132,357
11,357
111,358
49,358
62,358
1,358
40,358
177,358
86,358
116,358
56,359
2,359
187,359
89,359
116,359
1,359
41,359
57,360
189,360
98,360
47,360
51,360
138,360
41,360
179,360
131,360
7,360
81,360
64,360
74,360
46,361
105,361
176,361
53,361
113,361
194,362
160,362
48,362
54,362
186,362
118,362
9,362
133,363
183,363
196,363
114,363
76,363
27,363
179,363
8,363
157,363
116,363
139,363
184,363
73,364
17,364
139,364
191,364
175,364
172,365
199,365
139,365
7,365
48,365
120,365
56,366
2,366
98,366
62,366
18,366
26,367
119,367
61,367
163,367
157,367
191,367
146,368
123,368
41,368
76,368
179,368
53,368
186,368
58,368
163,368
106,369
35,369
139,369
191,369
41,369
15,369
186,369
196,369
149,369
78,369
176,369
154,370
123,370
191,370
179,370
163,370
124,370
171,371
199,371
157,371
179,371
117,372
67,372
196,372
53,372
47,372
121,372
139,372
8,372
4,372
157,372
97,372
197,373
67,373
48,373
37,373
4,373
186,373
47,373
166,373
93,373
154,374
119,374
138,374
98,374
121,374
101,374
29,374
96,374
87,375
189,375
184,375
138,375
194,376
77,376
149,376
55,376
114,376
78,376
26,377
13,377
140,377
163,377
37,377
7,377
187,377
107,377
43,378
33,378
101,378
4,378
62,378
29,378
53,378
86,378
38,378
78,378
99,378
112,378
109,379
183,379
131,379
184,379
1,379
116,379
98,379
196,379
4,379
81,379
55,379
76,379
178,379
87,380
134,380
15,380
1,380
139,380
48,380
101,380
29,380
149,380
30,380
163,380
99,380
104,381
137,381
89,381
131,381
53,381
166,381
118,381
163,381
40,381
194,382
136,382
38,382
114,382
61,382
164,383
180,383
34,383
41,383
114,383
1,383
81,383
23,383
191,383
121,383
70,384
108,384
8,384
41,384
58,384
175,384
133,385
183,385
27,385
48,385
40,385
86,385
64,385
127,386
33,386
196,386
101,386
76,386
63,386
26,387
160,387
86,387
7,387
166,387
4,387
58,387
47,387
101,387
34,387
42,387
167,388
160,388
38,388
29,388
121,388
4,388
114,388
48,388
53,388
64,388
157,388
139,388
154,389
123,389
61,389
186,389
131,389
116,389
64,389
187,389
85,389
125,390
150,390
132,390
131,390
34,390
8,390
15,390
54,390
191,390
166,390
140,390
4,390
178,390
145,391
67,391
27,391
8,391
54,391
126,391
193,392
142,392
38,392
54,392
51,392
182,393
142,393
121,393
58,393
40,393
29,393
37,393
87,394
35,394
1,394
157,394
8,394
27,394
48,394
99,394
196,394
55,394
15,394
36,394
60,395
160,395
132,395
48,395
131,395
139,395
133,396
183,396
176,396
53,396
187,396
114,396
125,397
158,397
101,397
149,397
191,397
34,397
29,397
114,397
163,397
36,397
172,398
100,398
140,398
143,398
47,398
187,398
159,398
185,399
21,399
138,399
89,399
196,399
8,399
41,399
101,399
191,399
4,399
109,400
105,400
53,400
54,400
15,400
4,400
16,400
155,401
160,401
138,401
62,401
99,401
194,402
84,402
27,402
62,402
163,402
98,402
4,402
177,402
51,402
55,402
40,402
157,402
195,403
200,403
138,403
4,403
64,403
186,403
101,403
48,403
157,403
145,404
49,404
86,404
163,404
54,404
190,404
91,405
156,405
179,405
53,405
149,405
27,405
116,405
88,405
196,405
101,405
15,405
41,405
146,406
49,406
30,406
88,406
130,407
35,407
61,407
29,407
54,407
157,407
149,407
53,407
140,407
132,407
131,407
162,407
195,408
150,408
149,408
51,408
113,408
98,408
27,408
58,408
140,408
191,408
114,408
90,409
128,409
132,409
131,409
95,410
173,410
157,410
61,410
3,411
158,411
187,411
132,411
143,411
149,411
8,411
54,411
61,411
118,411
59,412
13,412
179,412
191,412
78,412
139,412
140,412
30,412
28,412
169,413
180,413
89,413
186,413
187,413
138,413
191,413
7,413
30,413
132,413
81,413
97,413
71,414
67,414
89,414
196,414
48,414
34,414
177,414
106,415
180,415
187,415
81,415
98,415
15,415
23,415
34,415
166,415
40,415
64,415
163,415
20,415
87,416
52,416
41,416
29,416
7,416
157,416
116,416
48,416
152,416
117,417
52,417
8,417
121,417
30,417
132,417
184,417
40,417
166,417
96,417
14,418
137,418
62,418
99,418
186,418
157,418
179,418
89,418
27,418
126,418
59,419
200,419
196,419
58,419
1,419
178,419
182,420
160,420
78,420
138,420
53,420
64,420
113,420
58,420
131,420
37,420
132,420
151,420
59,421
183,421
176,421
98,421
41,421
62,421
15,421
45,421
127,422
67,422
140,422
23,422
177,422
34,422
27,422
139,422
102,422
70,423
134,423
176,423
99,423
53,423
89,423
78,423
40,423
41,423
118,423
157,423
68,423
56,424
79,424
191,424
30,424
184,424
47,424
118,424
98,424
58,424
23,424
176,424
41,424
112,424
14,425
180,425
78,425
101,425
7,425
177,425
34,425
99,425
196,425
48,425
40,425
41,425
44,425
130,426
136,426
99,426
30,426
175,426
101,426
53,426
139,426
38,426
29,426
15,426
78,426
126,426
71,427
2,427
118,427
143,427
81,427
55,427
98,427
99,427
8,427
80,427
70,428
128,428
81,428
51,428
157,428
196,428
41,428
64,428
190,428
195,429
69,429
175,429
81,429
116,429
194,430
108,430
138,430
40,430
140,430
149,430
37,430
89,430
170,430
32,431
49,431
23,431
62,431
55,431
7,431
61,431
151,431
194,432
134,432
37,432
15,432
149,432
55,432
51,432
113,432
53,432
177,432
140,432
114,432
147,432
194,433
150,433
78,433
55,433
61,433
176,433
27,433
80,433
71,434
35,434
7,434
61,434
86,434
113,434
184,434
38,434
187,434
64,434
73,435
17,435
179,435
176,435
144,436
39,436
47,436
78,436
157,436
163,436
7,436
197,437
79,437
38,437
184,437
76,437
48,437
15,437
87,438
2,438
131,438
138,438
54,438
99,438
51,438
176,438
166,438
86,438
118,438
80,438
171,439
67,439
55,439
47,439
34,439
81,439
23,439
37,439
4,439
29,439
83,440
158,440
132,440
186,440
168,440
65,441
199,441
4,441
29,441
179,441
115,441
195,442
137,442
139,442
8,442
15,442
7,442
99,442
111,443
183,443
184,443
157,443
55,443
101,443
86,443
132,443
89,443
149,443
131,443
140,443
133,444
22,444
101,444
81,444
176,444
138,444
147,444
73,445
67,445
86,445
132,445
38,445
40,445
30,445
34,445
185,446
158,446
118,446
78,446
139,446
129,447
181,447
29,447
113,447
53,447
78,447
23,447
37,447
184,447
27,447
196,447
167,448
156,448
81,448
132,448
99,448
196,448
40,448
190,448
106,449
119,449
54,449
64,449
27,449
3,450
2,450
139,450
41,450
58,450
162,450
145,451
110,451
38,451
88,451
81,451
186,451
171,452
66,452
15,452
40,452
114,452
53,452
184,452
131,452
61,452
64,452
143,452
169,453
142,453
23,453
177,453
114,453
138,453
139,453
116,453
34,453
118,453
64,453
76,453
168,453
127,454
49,454
53,454
41,454
15,454
34,454
177,454
11,454
46,455
160,455
34,455
55,455
113,455
184,455
56,456
100,456
187,456
54,456
47,456
196,456
133,457
2,457
29,457
76,457
166,457
48,457
98,457
116,457
196,457
64,457
114,457
109,458
105,458
121,458
175,458
78,458
28,458
91,459
33,459
38,459
114,459
115,459
70,460
183,460
196,460
175,460
126,460
194,461
180,461
121,461
62,461
118,461
76,461
7,461
53,461
191,461
37,461
74,461
109,462
52,462
55,462
89,462
98,462
54,462
27,462
157,462
99,462
186,462
46,463
198,463
184,463
186,463
146,464
108,464
7,464
89,464
53,464
37,464
131,464
113,464
125,465
22,465
47,465
27,465
163,465
131,465
99,465
116,465
93,465
59,466
52,466
55,466
149,466
161,466
50,467
52,467
98,467
41,467
121,467
179,467
7,467
54,467
30,467
149,467
90,468
136,468
23,468
15,468
29,468
186,468
41,468
153,468
167,469
67,469
116,469
166,469
175,469
157,469
191,469
184,469
38,469
146,470
100,470
1,470
89,470
58,470
34,470
157,470
166,470
139,470
114,470
196,470
177,470
107,470
130,471
69,471
86,471
38,471
4,471
88,471
23,471
157,471
121,471
149,471
27,471
152,471
193,472
105,472
116,472
177,472
68,472
185,473
77,473
186,473
114,473
149,473
81,473
191,473
121,473
73,474
142,474
191,474
29,474
58,474
166,474
140,474
47,474
3,475
52,475
118,475
27,475
75,475
95,476
137,476
139,476
30,476
114,476
101,476
191,476
81,476
184,476
53,476
155,477
180,477
61,477
37,477
80,477
65,478
137,478
15,478
187,478
186,478
138,478
23,478
4,478
93,478
194,479
199,479
86,479
99,479
175,479
116,479
81,479
114,479
18,479
188,480
35,480
53,480
27,480
58,480
47,480
186,480
149,480
115,480
46,481
123,481
163,481
177,481
99,481
157,481
184,481
121,481
86,481
4,481
116,481
133,482
183,482
175,482
51,482
41,482
135,483
33,483
58,483
55,483
38,483
167,484
128,484
139,484
116,484
47,484
8,484
114,484
163,484
127,485
181,485
139,485
121,485
166,485
34,485
116,485
101,485
64,485
133,486
5,486
139,486
81,486
143,486
89,486
7,486
23,486
179,486
163,486
149,486
174,486
32,487
52,487
196,487
121,487
175,487
114,487
140,487
48,487
4,487
37,487
58,487
166,487
188,488
180,488
191,488
86,488
37,488
114,488
179,488
38,488
141,488
167,489
39,489
118,489
38,489
132,489
34,489
157,489
53,489
8,489
7,489
139,489
74,489
125,490
160,490
38,490
179,490
8,490
41,490
157,490
4,490
176,490
19,490
144,491
198,491
166,491
37,491
168,491
193,492
160,492
88,492
166,492
41,492
113,492
14,493
134,493
157,493
15,493
184,493
166,493
48,493
64,493
187,493
154,494
2,494
23,494
140,494
121,494
88,494
34,494
53,494
120,494
133,495
160,495
184,495
29,495
143,495
36,495
155,496
136,496
40,496
101,496
61,496
186,496
48,496
121,496
191,496
157,496
170,496
83,497
200,497
30,497
118,497
116,497
34,497
191,497
27,497
139,497
90,498
39,498
179,498
86,498
131,498
175,498
4,498
166,498
125,499
33,499
40,499
37,499
38,499
44,499
154,500
79,500
89,500
55,500
101,500
99,500
64,500
143,500
115,500
155,501
52,501
186,501
116,501
184,501
149,501
37,501
121,501
163,501
176,501
155,502
136,502
101,502
187,502
62,502
157,502
138,502
88,502
8,502
139,502
27,502
3,503
181,503
138,503
55,503
103,504
136,504
38,504
23,504
196,504
92,504
130,505
77,505
139,505
58,505
187,505
53,505
101,505
88,505
176,505
166,505
47,505
29,505
135,506
49,506
132,506
187,506
62,506
166,506
161,506
193,507
134,507
114,507
1,507
78,507
19,507
14,508
137,508
184,508
76,508
129,509
66,509
131,509
8,509
113,509
91,510
200,510
37,510
187,510
7,510
27,510
145,511
189,511
78,511
30,511
118,511
37,511
41,511
157,511
81,511
38,511
6,511
57,512
119,512
88,512
47,512
89,512
182,513
181,513
149,513
76,513
179,513
8,513
53,513
138,513
81,513
86,513
196,513
174,513
193,514
180,514
54,514
64,514
88,514
81,514
131,514
9,514
65,515
100,515
166,515
86,515
157,515
116,515
140,515
81,515
61,515
149,515
62,515
147,515
73,516
189,516
116,516
47,516
58,516
191,516
34,516
51,516
101,516
147,516
73,517
119,517
76,517
140,517
58,517
99,517
47,517
62,517
179,517
51,517
117,518
69,518
53,518
163,518
40,518
34,518
76,518
191,518
41,518
169,519
119,519
101,519
196,519
46,520
66,520
114,520
88,520
26,521
17,521
8,521
139,521
38,521
23,521
76,521
40,521
132,521
88,521
114,521
28,521
109,522
39,522
89,522
179,522
139,522
196,522
112,522
145,523
2,523
132,523
121,523
163,523
89,523
55,523
8,523
29,523
145,524
150,524
101,524
29,524
54,524
1,524
76,524
184,524
113,524
27,524
139,524
188,525
173,525
139,525
29,525
184,525
163,525
34,525
186,525
8,525
175,525
47,525
56,526
5,526
157,526
51,526
37,526
27,526
184,526
132,526
89,526
99,526
177,526
139,526
168,526
14,527
110,527
143,527
29,527
54,527
78,527
116,527
40,527
15,527
58,527
166,527
161,527
59,528
10,528
187,528
86,528
64,528
41,528
15,528
138,528
51,528
184,528
1,528
191,528
74,528
87,529
77,529
76,529
101,529
62,529
118,529
126,529
59,530
160,530
187,530
184,530
47,530
61,530
48,530
196,530
116,530
98,530
58,530
86,530
155,531
67,531
8,531
186,531
15,531
143,531
131,531
121,531
196,531
55,531
163,531
176,531
192,531
172,532
77,532
138,532
166,532
53,532
182,533
84,533
37,533
55,533
130,534
189,534
55,534
138,534
64,534
104,535
2,535
166,535
1,535
34,535
121,535
58,535
78,535
30,535
65,536
199,536
196,536
131,536
40,536
37,536
143,536
187,536
55,536
120,536
135,537
158,537
40,537
118,537
132,537
163,537
102,537
193,538
189,538
176,538
7,538
15,538
47,538
191,538
122,538
130,539
84,539
177,539
61,539
53,539
4,539
38,539
15,539
27,539
143,539
182,540
180,540
51,540
40,540
15,540
179,540
76,540
89,540
177,540
127,541
181,541
58,541
116,541
191,541
53,541
55,541
62,541
51,541
78,541
40,541
7,541
87,542
5,542
166,542
89,542
23,542
132,542
7,542
88,542
187,542
27,542
86,542
74,542
87,543
160,543
114,543
186,543
179,543
113,543
149,543
138,543
15,543
30,543
51,543
191,543
95,544
183,544
138,544
4,544
88,544
118,544
53,544
37,544
191,544
42,544
125,545
52,545
177,545
196,545
61,545
187,545
81,545
116,545
138,545
109,546
181,546
114,546
187,546
81,546
152,546
60,548
158,548
187,548
81,548
113,548
54,548
38,548
139,548
121,548
155,549
21,549
184,549
54,549
149,549
12,549
125,550
79,550
89,550
41,550
15,550
1,550
116,550
4,550
55,550
81,550
101,550
125,551
123,551
61,551
184,551
113,551
88,551
175,551
114,551
8,551
20,551
171,552
183,552
149,552
89,552
54,552
30,552
72,552
125,553
158,553
101,553
157,553
177,553
138,553
165,553
182,554
10,554
163,554
58,554
8,554
99,554
61,554
4,554
42,554
32,555
119,555
114,555
140,555
88,555
89,555
98,555
51,555
86,555
48,555
177,555
15,555
169,556
35,556
179,556
40,556
4,556
195,557
13,557
175,557
64,557
166,557
81,557
51,557
99,557
176,557
103,558
39,558
8,558
78,558
177,558
47,558
76,558
116,558
167,559
69,559
116,559
184,559
177,559
132,559
101,559
41,559
29,559
27,559
126,559
135,560
69,560
179,560
48,560
81,560
23,560
149,560
15,560
37,560
27,560
78,560
155,561
189,561
58,561
53,561
154,562
35,562
4,562
143,562
37,562
179,562
38,562
163,562
15,562
121,562
103,563
119,563
113,563
163,563
175,563
4,563
186,563
88,563
65,564
108,564
118,564
116,564
64,564
196,564
97,564
164,565
67,565
27,565
175,565
54,565
37,565
113,565
164,567
199,567
157,567
53,567
149,567
88,567
27,567
86,567
34,567
186,567
61,567
138,567
153,567
171,568
100,568
8,568
47,568
68,568
135,569
35,569
149,569
139,569
138,569
11,569
145,570
156,570
88,570
118,570
89,570
62,570
132,570
8,570
131,570
9,570
129,571
128,571
47,571
98,571
179,571
124,571
32,572
69,572
132,572
139,572
29,572
48,572
161,572
14,573
110,573
166,573
177,573
116,573
40,573
64,573
61,573
27,573
129,574
156,574
41,574
176,574
91,575
156,575
8,575
175,575
53,575
48,575
174,575
117,576
105,576
55,576
149,576
143,576
161,576
194,577
17,577
99,577
78,577
63,577
169,578
108,578
140,578
187,578
177,578
37,578
40,578
178,578
104,579
17,579
176,579
15,579
140,579
132,579
54,579
98,579
55,579
24,579
106,580
84,580
58,580
166,580
176,580
47,580
38,580
113,580
36,580
65,581
180,581
15,581
140,581
41,581
149,581
163,581
131,581
129,582
136,582
186,582
98,582
139,582
118,582
15,582
171,583
158,583
166,583
38,583
179,583
64,583
186,583
54,583
78,583
42,583
109,584
21,584
76,584
55,584
78,584
121,584
86,584
143,584
89,584
81,584
8,584
184,584
87,585
183,585
175,585
132,585
29,585
27,585
37,585
179,585
89,585
104,586
35,586
166,586
196,586
131,586
15,586
101,586
62,586
98,586
88,586
184,586
164,587
39,587
38,587
86,587
112,587
130,588
173,588
1,588
37,588
54,588
191,588
88,588
61,588
86,588
55,588
139,588
159,588
194,589
39,589
8,589
55,589
76,589
88,589
7,589
114,589
24,589
135,590
199,590
61,590
30,590
23,590
129,591
100,591
7,591
196,591
1,591
88,591
163,591
179,591
139,591
23,591
138,591
41,591
36,591
195,592
198,592
184,592
8,592
7,592
157,592
47,592
34,592
86,592
58,592
177,592
51,592
195,593
134,593
175,593
157,593
118,593
38,593
179,593
132,593
18,593
130,595
66,595
15,595
118,595
58,595
30,595
171,596
156,596
179,596
48,596
23,596
176,596
124,596
129,597
10,597
184,597
132,597
88,597
131,597
196,597
113,597
78,597
38,597
32,598
150,598
118,598
27,598
76,598
15,598
166,598
168,598
135,599
5,599
30,599
113,599
99,599
132,599
116,599
8,599
139,599
29,599
23,599
40,599
42,599
133,600
84,600
41,600
184,600
129,601
160,601
48,601
38,601
176,601
27,601
55,601
172,602
128,602
1,602
48,602
40,602
78,602
82,602
193,603
39,603
143,603
99,603
30,603
8,603
7,603
55,603
62,603
58,603
188,604
173,604
140,604
54,604
73,605
183,605
53,605
7,605
166,605
27,605
55,605
76,605
141,605
125,606
39,606
34,606
81,606
120,606
182,607
69,607
41,607
86,607
37,607
113,607
25,608
5,608
140,608
184,608
29,608
40,608
187,608
48,608
62,608
99,608
175,608
131,608
147,608
185,609
198,609
131,609
187,609
163,609
166,609
177,609
86,609
38,609
179,609
55,609
140,609
164,610
17,610
27,610
7,610
121,610
191,610
139,610
15,610
29,610
37,610
138,610
40,610
133,611
123,611
179,611
58,611
4,611
118,611
94,611
14,612
108,612
40,612
163,612
118,612
37,612
176,612
132,612
27,612
116,612
88,612
184,612
103,613
134,613
62,613
55,613
116,613
15,613
78,613
29,613
51,613
38,613
45,613
185,614
35,614
138,614
48,614
58,614
27,614
194,615
69,615
4,615
53,615
104,616
35,616
114,616
163,616
86,616
187,616
78,616
101,616
34,616
23,616
103,617
110,617
118,617
88,617
4,617
37,617
101,617
87,619
13,619
179,619
86,619
131,619
40,619
15,619
118,619
93,619
164,620
69,620
114,620
51,620
99,620
23,620
78,620
64,620
7,620
191,620
130,621
142,621
99,621
116,621
177,621
184,621
176,621
187,621
37,621
97,621
90,622
49,622
89,622
143,622
59,623
77,623
196,623
177,623
30,623
51,623
94,623
127,624
49,624
98,624
113,624
152,624
95,625
198,625
121,625
114,625
130,626
137,626
7,626
157,626
99,626
113,626
51,626
179,626
89,626
78,626
59,627
52,627
37,627
88,627
61,627
140,627
166,627
109,628
21,628
1,628
76,628
138,628
41,628
4,628
191,628
153,628
133,629
173,629
81,629
53,629
127,630
110,630
40,630
54,630
98,630
112,630
117,631
200,631
37,631
191,631
61,631
38,631
81,631
1,631
62,631
55,631
131,631
94,631
106,632
52,632
86,632
177,632
115,632
185,633
119,633
196,633
98,633
54,633
157,633
113,633
114,633
64,633
118,633
36,633
188,634
156,634
176,634
149,634
166,634
64,634
86,634
133,635
200,635
121,635
54,635
138,635
149,635
113,635
163,635
51,635
139,635
144,636
150,636
131,636
184,636
139,636
61,636
89,636
132,636
116,636
78,636
41,636
178,636
144,637
69,637
64,637
99,637
132,637
57,638
200,638
7,638
15,638
27,638
116,638
149,638
63,638
146,639
21,639
118,639
40,639
149,639
191,639
132,639
197,640
160,640
58,640
196,640
70,641
69,641
163,641
140,641
139,641
20,641
154,642
66,642
48,642
139,642
58,642
54,642
30,642
47,642
20,642
164,643
110,643
99,643
175,643
40,643
140,643
23,643
47,643
179,643
27,643
101,643
177,643
46,644
69,644
30,644
157,644
4,644
186,644
144,645
180,645
62,645
177,645
76,645
41,645
75,645
95,646
77,646
29,646
81,646
89,646
12,646
95,647
66,647
8,647
166,647
177,647
38,647
138,647
58,647
98,647
132,647
81,647
26,648
160,648
34,648
98,648
118,648
1,648
187,648
32,649
189,649
116,649
41,649
99,649
196,649
29,649
190,649
57,650
52,650
184,650
48,650
8,650
138,650
27,650
89,650
38,650
179,650
101,650
109,651
22,651
1,651
132,651
3,652
39,652
53,652
187,652
175,652
48,652
116,652
154,653
189,653
196,653
41,653
4,653
58,653
38,653
64,653
89,653
138,653
187,653
72,653
155,654
189,654
34,654
86,654
176,654
132,654
118,654
61,654
6,654
133,655
183,655
78,655
139,655
88,655
37,655
7,655
27,655
86,655
184,655
89,655
170,655
57,656
105,656
149,656
78,656
81,656
99,656
177,656
53,656
161,656
194,657
123,657
47,657
186,657
34,657
149,657
118,657
121,657
176,657
57,658
21,658
114,658
163,658
184,658
154,659
39,659
184,659
131,659
143,659
8,659
51,659
191,659
78,659
139,659
7,659
81,659
44,659
135,660
119,660
78,660
113,660
107,660
83,661
158,661
175,661
99,661
121,661
34,661
64,661
20,661
60,662
66,662
116,662
89,662
58,662
7,662
15,662
179,662
86,662
182,663
156,663
53,663
196,663
34,663
55,663
163,663
81,663
71,664
100,664
176,664
131,664
40,664
114,664
78,664
34,664
61,664
157,664
130,665
10,665
140,665
191,665
131,665
82,665
91,666
173,666
41,666
62,666
99,666
53,666
103,667
105,667
166,667
23,667
48,667
145,668
173,668
48,668
40,668
88,668
116,668
177,668
118,668
38,668
186,668
176,668
121,668
135,669
110,669
64,669
99,669
58,669
177,669
187,669
157,669
47,669
191,669
65,670
183,670
89,670
98,670
42,670
172,671
199,671
64,671
30,671
187,671
138,671
143,671
174,671
95,672
10,672
187,672
138,672
24,672
135,673
10,673
54,673
1,673
34,673
132,673
38,673
4,673
191,673
186,673
51,673
111,674
160,674
51,674
38,674
53,674
64,674
121,674
138,674
196,674
103,675
158,675
48,675
86,675
101,675
187,675
76,675
166,675
30,675
114,675
1,675
99,675
75,675
135,676
180,676
15,676
62,676
8,676
131,676
121,676
140,676
157,676
53,676
64,676
38,676
70,677
108,677
118,677
30,677
57,678
181,678
64,678
4,678
89,678
37,678
78,678
172,679
173,679
131,679
139,679
132,679
113,679
64,679
130,680
84,680
175,680
30,680
143,680
62,680
138,680
64,680
109,681
200,681
40,681
121,681
55,681
132,681
42,681
182,682
108,682
132,682
61,682
8,682
19,682
83,683
13,683
37,683
101,683
41,683
196,683
89,683
184,683
11,683
171,684
5,684
37,684
34,684
175,684
53,684
184,684
51,684
1,684
149,684
109,685
199,685
53,685
78,685
38,685
30,685
88,685
172,686
198,686
191,686
48,686
165,686
14,687
35,687
116,687
113,687
81,687
88,687
37,687
175,687
1,687
7,687
152,687
26,688
110,688
140,688
191,688
15,688
1,688
61,688
41,688
30,688
88,688
157,688
126,688
194,689
39,689
139,689
163,689
118,689
86,689
143,689
176,689
7,689
191,689
131,689
190,689
133,690
21,690
139,690
98,690
118,690
101,690
86,690
37,690
1,690
176,690
188,691
150,691
55,691
101,691
76,691
145,692
33,692
88,692
89,692
48,692
191,692
29,692
78,692
153,692
185,693
17,693
1,693
86,693
176,693
4,693
82,693
169,694
123,694
81,694
61,694
30,694
54,694
11,694
130,695
181,695
15,695
41,695
54,695
37,695
47,695
163,695
81,695
179,695
138,695
151,695
130,696
17,696
58,696
140,696
176,696
4,696
41,696
1,696
191,696
117,697
105,697
86,697
47,697
191,697
62,697
7,697
177,697
116,697
157,697
97,697
144,698
33,698
54,698
15,698
34,698
193,699
13,699
81,699
118,699
83,700
180,700
101,700
187,700
98,700
176,700
177,700
113,700
196,700
51,700
170,700
167,701
199,701
58,701
99,701
176,701
51,701
101,701
30,701
177,701
98,701
178,701
87,702
2,702
30,702
64,702
118,702
140,702
61,702
55,702
114,702
169,703
66,703
191,703
101,703
58,703
54,703
163,703
187,703
139,703
29,703
51,703
145,704
123,704
191,704
116,704
55,704
1,704
93,704
57,705
10,705
78,705
53,705
184,705
116,705
155,706
119,706
163,706
176,706
121,706
88,706
58,706
187,706
166,706
130,707
108,707
98,707
131,707
54,707
8,707
99,707
86,707
164,708
173,708
140,708
99,708
55,708
7,708
149,708
177,708
116,708
29,708
127,709
69,709
61,709
163,709
40,709
187,709
47,709
196,709
15,709
157,709
161,709
172,710
110,710
139,710
34,710
187,710
116,710
193,711
10,711
98,711
61,711
38,711
37,711
143,711
89,711
4,711
30,711
140,711
165,711
109,712
110,712
30,712
76,712
86,712
192,712
197,713
39,713
179,713
138,713
97,713
46,714
66,714
40,714
47,714
113,714
53,714
4,714
48,714
99,714
118,714
1,714
114,714
190,714
65,715
21,715
37,715
143,715
184,715
58,715
166,715
15,715
55,715
63,715
106,716
77,716
29,716
166,716
139,716
98,716
34,716
15,716
186,716
175,716
30,716
176,716
126,716
188,717
156,717
118,717
78,717
53,717
144,718
110,718
116,718
4,718
138,718
99,718
126,718
117,719
181,719
54,719
30,719
89,719
75,719
91,720
21,720
166,720
29,720
140,720
1,720
96,720
144,721
67,721
138,721
40,721
102,721
104,722
49,722
88,722
29,722
98,722
8,722
55,722
23,722
144,723
158,723
81,723
37,723
87,724
67,724
177,724
191,724
98,724
48,724
81,724
140,724
101,724
27,724
1,724
147,724
25,725
39,725
86,725
23,725
168,725
117,726
181,726
166,726
98,726
121,726
168,726
71,727
150,727
116,727
177,727
139,727
48,727
118,727
175,727
191,727
114,727
23,727
124,727
43,728
79,728
132,728
47,728
61,728
187,728
8,728
4,728
175,728
23,728
27,728
51,728
57,729
21,729
23,729
163,729
176,729
78,729
98,729
53,729
47,729
140,729
19,729
109,730
39,730
132,730
51,730
99,730
23,730
41,730
143,730
179,730
101,730
19,730
14,731
67,731
139,731
196,731
186,731
88,731
48,731
166,731
54,731
138,731
121,731
131,731
165,731
91,732
134,732
157,732
177,732
179,732
62,732
143,732
184,732
131,732
58,732
47,732
169,733
137,733
114,733
116,733
139,733
47,733
64,733
184,733
130,734
5,734
15,734
177,734
194,735
77,735
37,735
101,735
113,735
58,735
81,735
153,735
46,736
123,736
53,736
121,736
88,736
27,736
149,736
38,736
186,736
81,736
4,736
65,737
17,737
166,737
88,737
89,737
26,738
105,738
15,738
186,738
34,738
157,738
184,738
83,739
10,739
157,739
163,739
131,739
81,739
86,739
114,739
61,739
23,739
85,739
169,740
198,740
30,740
121,740
81,740
34,740
92,740
70,741
123,741
179,741
101,741
41,741
88,741
40,741
114,741
15,741
97,741
193,742
17,742
176,742
7,742
91,743
142,743
149,743
55,743
81,743
40,743
58,743
163,743
30,743
113,743
99,743
53,743
178,743
133,744
200,744
78,744
53,744
48,744
149,744
8,744
138,744
176,744
37,744
88,744
126,744
172,745
119,745
176,745
99,745
82,745
65,746
183,746
196,746
27,746
47,746
34,746
138,746
81,746
157,746
88,746
54,746
106,747
180,747
163,747
48,747
30,747
114,747
15,747
132,747
165,747
73,748
199,748
29,748
7,748
78,748
186,748
23,748
55,748
101,748
25,749
181,749
64,749
196,749
15,749
86,749
101,749
30,749
93,749
169,750
100,750
121,750
131,750
190,750
172,751
69,751
114,751
177,751
55,751
196,751
88,751
81,751
7,751
186,751
29,751
190,751
194,752
200,752
81,752
175,752
149,752
37,752
114,752
184,752
132,752
29,752
68,752
167,753
128,753
139,753
179,753
51,753
98,753
187,753
90,754
5,754
99,754
187,754
138,754
131,754
139,754
88,754
15,754
53,754
121,754
125,755
181,755
51,755
187,755
166,755
191,755
78,755
157,755
88,755
81,755
58,755
40,755
148,755
154,756
39,756
187,756
138,756
177,756
89,756
51,756
50,757
21,757
30,757
143,757
89,757
54,757
177,757
41,757
37,757
1,757
165,757
195,758
79,758
149,758
89,758
131,758
116,758
148,758
59,759
5,759
114,759
15,759
118,759
47,759
187,759
86,759
89,759
188,760
137,760
58,760
38,760
86,760
163,760
132,760
101,760
78,760
179,760
197,761
189,761
89,761
143,761
76,761
41,761
138,761
177,761
46,762
158,762
41,762
184,762
147,762
195,763
134,763
89,763
78,763
86,763
90,764
49,764
29,764
179,764
47,764
149,764
166,764
175,764
138,764
62,764
55,764
7,764
80,764
117,765
198,765
55,765
34,765
115,765
169,766
79,766
62,766
58,766
34,766
143,766
98,766
186,766
1,766
174,766
146,767
110,767
143,767
118,767
7,767
78,767
153,767
32,768
150,768
62,768
138,768
51,768
184,768
58,768
107,768
59,769
105,769
53,769
78,769
89,769
145,770
198,770
88,770
116,770
163,770
8,770
40,770
23,770
138,770
47,770
73,771
150,771
8,771
101,771
55,771
38,771
113,771
149,771
196,771
15,771
131,771
102,771
106,772
160,772
98,772
118,772
86,772
176,772
143,772
184,772
89,772
154,773
35,773
139,773
184,773
113,773
116,773
187,773
186,773
29,773
89,773
1,773
165,773
90,774
108,774
58,774
27,774
99,774
179,774
47,774
184,774
114,774
82,774
43,775
10,775
51,775
196,775
121,775
53,775
140,775
139,775
71,776
136,776
47,776
34,776
171,777
105,777
58,777
34,777
7,777
30,777
76,777
102,777
106,778
108,778
76,778
177,778
186,778
41,778
53,778
121,778
169,779
17,779
55,779
177,779
176,779
116,779
101,779
3,780
134,780
166,780
55,780
1,780
167,781
199,781
99,781
89,781
101,781
8,781
121,781
91,782
142,782
88,782
27,782
76,782
71,783
183,783
140,783
186,783
51,783
18,783
188,784
181,784
29,784
132,784
166,784
111,785
10,785
138,785
62,785
8,785
118,785
23,785
196,785
34,785
99,785
116,785
71,786
49,786
15,786
176,786
175,786
187,786
155,787
52,787
140,787
61,787
184,787
38,787
176,787
177,787
34,787
1,787
63,787
185,788
77,788
89,788
4,788
47,788
152,788
87,789
180,789
114,789
131,789
48,789
116,789
149,789
27,789
51,789
62,789
76,789
106,790
158,790
41,790
98,790
157,790
166,790
179,790
40,790
48,790
177,790
11,790
104,791
5,791
101,791
61,791
88,791
138,791
166,791
55,791
139,791
18,791
56,792
79,792
101,792
7,792
3,793
39,793
179,793
54,793
171,794
52,794
40,794
4,794
38,794
166,794
78,794
53,794
55,794
141,794
164,795
123,795
78,795
179,795
143,795
114,795
184,795
64,795
98,795
7,795
81,795
176,795
169,796
105,796
132,796
29,796
76,796
99,796
109,797
66,797
4,797
196,797
55,797
78,797
98,797
15,797
186,797
184,797
25,798
137,798
184,798
179,798
4,798
61,798
161,798
145,799
189,799
55,799
37,799
153,799
50,800
100,800
114,800
48,800
143,800
99,800
118,800
34,800
176,800
16,800
70,801
173,801
121,801
1,801
78,801
58,801
88,801
38,801
131,801
164,802
180,802
53,802
175,802
8,802
132,802
89,802
121,802
34,802
72,802
71,803
21,803
99,803
179,803
29,803
38,803
1,803
186,803
82,803
193,804
123,804
53,804
58,804
88,804
4,804
55,804
116,804
76,804
157,804
166,804
101,804
188,805
66,805
27,805
166,805
179,805
121,805
30,805
139,805
54,805
29,805
118,805
97,805
14,806
110,806
149,806
116,806
138,806
98,806
89,806
131,806
62,806
118,806
64,806
80,806
182,807
180,807
186,807
23,807
48,807
121,807
120,807
164,808
180,808
132,808
118,808
167,809
5,809
157,809
51,809
132,809
196,809
117,810
199,810
163,810
40,810
7,810
48,810
15,810
62,810
95,811
180,811
99,811
177,811
186,811
98,811
86,811
7,811
166,811
34,811
184,811
191,811
109,812
128,812
131,812
38,812
34,812
98,812
177,812
27,812
153,812
111,813
134,813
89,813
4,813
99,813
27,813
63,813
133,814
21,814
175,814
1,814
196,814
40,814
116,814
82,814
197,815
52,815
184,815
34,815
1,815
95,816
10,816
149,816
48,816
166,816
131,816
132,816
43,817
10,817
140,817
47,817
29,817
64,817
175,817
30,817
191,817
99,817
8,817
54,817
133,818
128,818
4,818
34,818
163,818
11,818
73,819
200,819
116,819
187,819
174,819
26,820
77,820
131,820
1,820
55,820
38,820
23,820
176,820
157,820
58,820
132,820
194,821
160,821
15,821
132,821
29,821
81,821
143,821
19,821
169,822
123,822
30,822
118,822
29,822
191,822
40,822
64,822
184,822
124,822
188,823
181,823
48,823
176,823
40,823
99,823
55,823
184,823
143,823
1,823
64,823
172,824
142,824
47,824
38,824
179,824
98,824
184,824
89,824
171,825
123,825
88,825
191,825
51,825
54,825
149,825
40,825
81,825
7,825
122,825
103,826
5,826
47,826
1,826
98,826
88,826
4,826
46,827
35,827
139,827
113,827
54,827
149,827
29,827
40,827
80,827
195,828
142,828
86,828
186,828
37,828
96,828
129,829
198,829
88,829
116,829
178,829
125,830
137,830
27,830
61,830
179,830
170,830
46,831
160,831
23,831
121,831
116,831
53,831
99,831
140,831
76,831
98,831
171,832
110,832
1,832
47,832
51,832
149,832
4,832
89,832
118,832
179,832
31,832
90,833
5,833
64,833
27,833
113,833
86,833
78,833
93,833
60,834
2,834
186,834
48,834
179,834
101,834
139,834
149,834
75,834
70,835
173,835
186,835
116,835
88,835
29,835
62,835
53,835
86,835
187,835
47,835
55,835
117,836
5,836
166,836
62,836
190,836
133,837
105,837
143,837
40,837
88,837
145,838
21,838
143,838
38,838
15,838
55,838
70,839
33,839
4,839
23,839
149,839
143,839
41,839
163,839
116,839
184,839
186,839
43,840
134,840
47,840
38,840
118,840
176,840
143,840
175,840
101,840
187,840
37,840
139,840
85,840
60,841
137,841
176,841
184,841
121,841
76,841
43,842
17,842
191,842
48,842
54,842
62,842
176,842
50,843
5,843
99,843
157,843
98,843
41,843
47,843
143,843
62,843
130,844
21,844
157,844
176,844
177,844
76,844
41,844
166,844
140,844
187,844
127,845
69,845
54,845
4,845
166,845
196,845
40,845
61,845
15,845
23,845
96,845
65,846
69,846
116,846
55,846
48,846
62,846
132,846
38,846
26,847
183,847
54,847
61,847
70,848
5,848
64,848
54,848
131,848
1,848
143,848
132,848
98,848
30,848
70,849
39,849
23,849
99,849
4,849
117,850
156,850
62,850
176,850
187,850
143,850
38,850
157,850
175,850
40,850
37,850
163,850
141,850
90,851
79,851
191,851
98,851
131,851
179,851
161,851
25,852
79,852
176,852
177,852
70,853
198,853
78,853
37,853
8,853
143,853
29,853
62,853
121,853
54,853
163,853
178,853
193,854
66,854
121,854
64,854
190,854
164,855
181,855
101,855
113,855
64,855
196,855
80,855
65,856
66,856
99,856
88,856
61,856
48,856
195,857
108,857
15,857
34,857
89,857
27,857
58,857
163,857
41,857
9,857
57,858
199,858
131,858
118,858
7,858
78,858
34,858
38,858
23,858
54,858
179,858
130,859
173,859
143,859
1,859
53,859
176,859
48,859
196,859
157,859
131,859
184,859
151,859
185,860
123,860
78,860
62,860
191,860
113,860
149,860
116,860
8,860
176,860
7,860
157,860
130,861
79,861
78,861
121,861
138,861
41,861
1,861
48,861
16,861
135,862
156,862
62,862
58,862
177,862
29,862
196,862
157,862
121,862
37,862
34,862
154,863
150,863
81,863
86,863
143,863
159,863
154,864
158,864
30,864
89,864
7,864
154,865
79,865
179,865
61,865
196,865
114,865
140,865
15,865
53,865
139,865
111,866
49,866
4,866
98,866
107,866
70,867
33,867
143,867
101,867
114,867
140,867
27,867
157,867
196,867
176,867
152,867
104,869
160,869
27,869
176,869
143,869
179,869
98,869
184,869
37,869
188,870
49,870
15,870
29,870
54,870
101,870
76,870
114,870
99,870
58,870
88,870
61,870
80,870
59,871
181,871
114,871
196,871
197,872
13,872
149,872
143,872
54,872
121,872
138,872
89,872
62,872
38,872
113,872
196,872
192,872
91,873
160,873
166,873
64,873
72,873
90,874
5,874
30,874
118,874
58,874
31,874
117,875
5,875
186,875
89,875
184,875
143,875
62,875
16,875
73,876
105,876
131,876
101,876
86,876
30,876
118,876
132,876
143,876
126,876
87,877
39,877
163,877
166,877
140,877
196,877
64,877
175,877
51,877
53,877
37,877
61,877
96,877
91,878
13,878
86,878
179,878
114,878
54,878
36,878
145,879
13,879
138,879
34,879
62,879
29,879
143,879
166,879
78,879
132,879
87,880
79,880
101,880
41,880
184,880
176,880
29,880
61,880
62,880
166,880
51,880
72,880
188,881
156,881
140,881
41,881
132,881
99,881
89,881
191,881
149,881
186,881
75,881
95,882
156,882
29,882
138,882
191,882
124,882
65,883
189,883
78,883
8,883
176,883
131,883
118,883
15,883
179,883
135,884
66,884
131,884
187,884
48,884
191,884
34,884
86,884
1,884
163,884
41,884
83,885
180,885
1,885
30,885
81,885
166,885
140,885
25,886
49,886
61,886
166,886
81,886
113,886
193,887
10,887
54,887
176,887
179,887
31,887
43,888
52,888
166,888
34,888
196,888
98,888
138,888
99,888
64,888
29,888
8,888
111,889
180,889
47,889
157,889
187,889
140,889
98,889
114,889
40,889
163,889
78,889
184,889
28,889
133,890
158,890
139,890
41,890
34,890
61,890
55,890
88,890
175,890
91,891
67,891
101,891
139,891
78,891
31,891
106,892
100,892
176,892
58,892
135,893
160,893
7,893
139,893
30,893
116,893
53,893
157,893
1,893
29,893
98,893
81,893
50,894
52,894
176,894
78,894
27,894
177,894
34,894
61,894
113,894
149,894
29,894
64,894
194,895
123,895
38,895
58,895
15,895
98,895
4,895
54,895
92,895
195,896
66,896
177,896
29,896
113,896
61,896
88,896
98,896
131,896
76,896
140,896
120,896
95,897
189,897
7,897
179,897
139,897
86,897
118,897
149,897
54,897
64,897
114,897
11,897
125,898
105,898
114,898
64,898
106,899
137,899
55,899
61,899
166,899
133,900
108,900
143,900
48,900
96,900
171,901
17,901
121,901
163,901
139,901
191,901
149,901
4,901
143,901
34,901
187,901
177,901
71,902
2,902
86,902
101,902
176,902
143,902
78,902
163,902
106,903
183,903
186,903
1,903
89,903
140,903
58,903
113,903
166,903
132,903
34,903
157,903
162,903
91,904
128,904
139,904
114,904
88,904
55,904
37,904
30,904
40,904
15,904
47,904
31,904
164,905
123,905
51,905
29,905
76,905
176,905
139,905
129,906
189,906
166,906
184,906
176,906
165,906
127,907
136,907
48,907
175,907
187,907
58,907
116,907
177,907
149,907
186,907
140,907
86,907
171,908
39,908
175,908
116,908
86,908
4,908
113,908
196,908
126,908
164,909
13,909
101,909
41,909
176,909
133,910
33,910
113,910
23,910
191,910
54,910
98,910
62,910
1,910
27,910
63,910
56,911
33,911
8,911
30,911
101,911
23,911
85,911
127,912
110,912
27,912
98,912
58,912
184,912
55,912
101,912
113,912
179,912
178,912
57,913
69,913
98,913
54,913
124,913
193,914
66,914
47,914
89,914
118,914
23,914
27,914
90,915
35,915
140,915
61,915
191,915
155,916
105,916
121,916
140,916
8,916
48,916
191,916
64,916
61,916
104,917
22,917
61,917
149,917
41,917
127,918
142,918
99,918
78,918
62,918
64,918
157,918
75,918
127,919
39,919
61,919
88,919
30,919
65,920
49,920
27,920
157,920
131,920
95,921
136,921
8,921
132,921
47,921
196,921
178,921
129,922
22,922
101,922
37,922
30,922
143,922
38,922
118,922
131,922
92,922
144,923
200,923
113,923
191,923
166,923
138,923
132,923
131,923
157,923
51,923
1,923
32,924
79,924
27,924
61,924
54,924
81,924
175,924
30,924
64,924
40,924
101,924
118,924
165,924
125,925
200,925
175,925
1,925
184,925
177,925
163,925
162,925
106,926
199,926
186,926
157,926
40,926
30,926
192,926
26,927
69,927
27,927
149,927
41,927
51,927
143,927
177,927
1,927
63,927
130,928
123,928
166,928
38,928
141,928
57,929
49,929
78,929
121,929
114,929
166,929
34,929
187,929
106,930
200,930
62,930
101,930
34,930
132,930
179,930
139,930
149,930
138,930
15,930
54,930
192,930
111,931
22,931
118,931
55,931
53,931
132,931
27,931
1,931
157,931
64,931
131,931
151,931
104,932
2,932
4,932
54,932
116,932
96,932
164,933
200,933
89,933
187,933
143,933
76,933
34,933
50,934
128,934
149,934
41,934
62,934
76,934
138,934
178,934
117,935
199,935
38,935
99,935
177,935
132,935
30,935
1,935
51,935
148,935
133,936
198,936
61,936
113,936
166,936
186,936
131,936
143,936
53,936
116,936
14,937
66,937
64,937
149,937
143,937
196,937
8,937
30,937
186,937
81,937
151,937
193,938
150,938
30,938
163,938
99,938
121,938
109,939
21,939
166,939
76,939
118,939
89,939
15,939
109,940
49,940
101,940
139,940
83,941
160,941
81,941
118,941
31,941
57,942
66,942
99,942
78,942
120,942
117,943
158,943
132,943
113,943
76,943
163,943
37,943
196,943
4,943
40,943
48,943
87,944
200,944
38,944
29,944
117,945
105,945
27,945
58,945
55,945
175,945
23,945
86,945
29,945
62,945
169,946
22,946
191,946
38,946
132,946
149,946
55,946
139,946
177,946
45,946
194,947
119,947
51,947
78,947
111,948
52,948
86,948
118,948
40,948
94,948
197,949
2,949
132,949
30,949
81,949
138,949
166,949
145,950
108,950
15,950
27,950
23,950
81,950
149,950
58,950
187,950
41,950
139,950
154,951
150,951
51,951
61,951
95,952
67,952
51,952
98,952
78,952
61,952
118,952
54,952
86,952
179,952
87,953
199,953
139,953
132,953
23,953
175,953
4,953
163,953
192,953
25,954
10,954
166,954
7,954
37,954
154,955
137,955
76,955
81,955
131,955
80,955
144,956
52,956
61,956
177,956
98,956
139,956
23,956
88,956
16,956
104,957
150,957
41,957
88,957
7,957
116,957
48,957
40,957
177,957
68,957
91,958
199,958
58,958
88,958
157,958
60,959
189,959
149,959
116,959
90,960
39,960
186,960
118,960
40,960
138,960
38,960
114,960
65,961
173,961
53,961
47,961
58,961
157,961
76,961
89,961
27,961
1,961
104,962
200,962
89,962
99,962
114,962
176,962
76,962
113,962
83,963
183,963
4,963
34,963
101,963
184,963
81,963
151,963
169,964
49,964
166,964
139,964
16,964
164,965
119,965
175,965
176,965
141,965
83,966
200,966
149,966
99,966
8,966
112,966
87,967
134,967
64,967
166,967
61,967
143,967
89,967
76,967
196,967
30,967
40,967
157,967
117,968
119,968
99,968
34,968
24,968
60,969
173,969
196,969
113,969
4,969
163,969
102,969
103,970
128,970
54,970
139,970
23,970
78,970
196,970
186,970
16,970
25,971
105,971
101,971
4,971
58,971
1,971
8,971
98,971
34,971
113,971
177,971
196,971
147,971
90,972
84,972
7,972
89,972
132,972
191,972
139,972
179,972
34,972
78,972
41,972
127,973
52,973
15,973
98,973
57,974
142,974
34,974
55,974
81,974
121,974
140,974
78,974
61,974
187,974
163,974
29,974
56,975
136,975
176,975
177,975
113,975
166,975
138,975
114,975
148,975
90,976
150,976
81,976
99,976
113,976
157,976
92,976
71,977
100,977
62,977
101,977
132,977
186,977
41,977
196,977
55,977
151,977
25,978
2,978
61,978
177,978
15,978
127,979
158,979
34,979
27,979
186,979
116,979
78,979
76,979
96,979
146,980
69,980
4,980
53,980
118,980
73,981
183,981
40,981
54,981
59,982
150,982
187,982
61,982
121,982
15,982
86,982
178,982
87,983
183,983
131,983
157,983
53,983
15,983
8,983
191,983
177,983
61,983
55,983
7,983
12,983
71,984
160,984
55,984
191,984
48,984
113,984
38,984
85,984
197,985
200,985
1,985
61,985
179,985
177,985
29,985
53,985
37,985
175,985
118,985
40,985
24,985
71,986
158,986
101,986
177,986
196,986
40,986
191,986
186,986
139,986
147,986
127,987
100,987
38,987
34,987
64,987
74,987
56,988
10,988
176,988
47,988
121,988
48,988
29,988
187,988
88,988
72,988
144,989
52,989
98,989
99,989
41,989
118,989
139,989
184,989
186,989
76,989
109,990
119,990
176,990
114,990
38,990
118,990
163,990
8,990
147,990
50,991
52,991
89,991
29,991
54,991
166,991
175,991
1,991
34,991
113,991
163,991
126,991
46,992
181,992
61,992
53,992
175,992
4,992
157,992
27,992
88,992
102,992
46,993
10,993
163,993
30,993
177,993
34,993
53,993
8,993
16,993
46,994
189,994
51,994
81,994
101,994
196,994
70,995
183,995
29,995
8,995
163,995
116,995
38,995
138,995
175,995
121,995
157,995
151,995
60,996
200,996
78,996
30,996
140,996
54,996
145,997
108,997
29,997
166,997
1,997
143,997
54,997
89,997
92,997
188,998
142,998
48,998
47,998
70,999
200,999
139,999
40,999
138,999
186,999
51,999
27,999
116,999
109,1000
137,1000
53,1000
61,1000
184,1000
