fid,plane_id,dep_term,dep_time,arr_term,arr_time,dest_airport
1,5,B,2013-01-01 05:00:00,P,2013-01-01 07:40:00,MIA
2,6,R,2013-01-01 05:00:00,N,2013-01-01 08:03:00,BQN
3,14,U,2013-01-01 06:00:00,I,2013-01-01 08:20:00,MCO
4,9,A,2013-01-01 06:00:00,J,2013-01-01 08:29:00,PBI
5,13,L,2013-01-01 06:00:00,Y,2013-01-01 08:38:00,TPA
6,16,G,2013-01-01 06:00:00,B,2013-01-01 11:45:00,LAX
7,9,A,2013-01-01 05:00:00,B,2013-01-01 05:44:00,BOS
8,3,M,2013-01-01 06:00:00,W,2013-01-01 08:08:00,ATL
9,14,M,2013-01-01 06:00:00,A,2013-01-01 12:06:00,SFO
10,19,U,2013-01-01 06:00:00,Q,2013-01-01 08:55:00,RSW
11,7,I,2013-01-01 06:00:00,S,2013-01-01 09:02:00,SJU
12,3,R,2013-01-01 06:00:00,T,2013-01-01 11:30:00,PHX
13,6,M,2013-01-01 06:00:00,V,2013-01-01 09:12:00,SJU
14,5,T,2013-01-01 06:00:00,E,2013-01-01 06:41:00,BOS
15,13,Y,2013-01-01 06:00:00,W,2013-01-01 07:03:00,BUF
16,10,C,2013-01-01 06:00:00,Y,2013-01-01 11:23:00,LAS
17,12,N,2013-01-01 06:00:00,J,2013-01-01 09:11:00,MSY
18,1,B,2013-01-01 06:00:00,P,2013-01-01 10:54:00,SLC
19,11,I,2013-01-01 07:00:00,Q,2013-01-01 13:02:00,SFO
20,1,I,2013-01-01 06:00:00,R,2013-01-01 08:22:00,MCO
21,7,U,2013-01-01 07:00:00,F,2013-01-01 13:01:00,LAX
22,11,E,2013-01-01 07:00:00,Z,2013-01-01 09:36:00,FLL
23,18,V,2013-01-01 07:00:00,U,2013-01-01 13:21:00,LAX
24,19,P,2013-01-01 07:00:00,T,2013-01-01 10:10:00,SJU
25,15,T,2013-01-01 07:00:00,Z,2013-01-01 09:39:00,FLL
26,20,Z,2013-01-01 07:00:00,M,2013-01-01 09:27:00,MCO
27,20,R,2013-01-01 07:00:00,R,2013-01-01 12:56:00,SFO
28,19,K,2013-01-01 07:00:00,C,2013-01-01 08:04:00,ROC
29,18,O,2013-01-01 07:00:00,Y,2013-01-01 07:54:00,SYR
30,8,B,2013-01-01 07:00:00,O,2013-01-01 12:50:00,SFO
31,13,Y,2013-01-01 07:00:00,X,2013-01-01 12:58:00,LAX
32,4,F,2013-01-01 07:00:00,T,2013-01-01 09:44:00,SRQ
33,18,V,2013-01-01 07:00:00,D,2013-01-01 12:49:00,SEA
34,11,I,2013-01-01 07:00:00,D,2013-01-01 13:18:00,SFO
35,20,W,2013-01-01 08:00:00,N,2013-01-01 10:38:00,MIA
36,12,S,2013-01-01 08:00:00,J,2013-01-01 09:20:00,RDU
37,4,M,2013-01-01 08:00:00,G,2013-01-01 08:38:00,BOS
38,9,A,2013-01-01 08:00:00,H,2013-01-01 14:09:00,SFO
39,1,V,2013-01-01 08:00:00,M,2013-01-01 10:27:00,MCO
40,19,F,2013-01-01 08:00:00,T,2013-01-01 09:38:00,CLT
41,10,N,2013-01-01 08:00:00,S,2013-01-01 10:45:00,FLL
42,19,B,2013-01-01 08:00:00,H,2013-01-01 10:06:00,ATL
43,13,T,2013-01-01 08:00:00,K,2013-01-01 11:09:00,MSP
44,14,D,2013-01-01 08:00:00,O,2013-01-01 09:26:00,PIT
45,3,D,2013-01-01 08:00:00,A,2013-01-01 11:10:00,SJU
46,13,C,2013-01-01 08:00:00,Q,2013-01-01 08:36:00,BOS
47,1,P,2013-01-01 08:00:00,N,2013-01-01 11:02:00,SJU
48,3,U,2013-01-01 08:00:00,U,2013-01-01 13:54:00,SAN
49,15,M,2013-01-01 08:00:00,H,2013-01-01 08:52:00,DCA
50,20,S,2013-01-01 08:00:00,A,2013-01-01 09:36:00,CLT
51,16,H,2013-01-01 08:00:00,B,2013-01-01 10:10:00,JAX
52,18,J,2013-01-01 07:00:00,Z,2013-01-01 09:40:00,MIA
53,19,E,2013-01-01 08:00:00,P,2013-01-01 10:40:00,ORD
54,12,E,2013-01-01 08:00:00,B,2013-01-01 14:00:00,LAX
55,19,D,2013-01-01 08:00:00,I,2013-01-01 11:08:00,SJU
56,18,D,2013-01-01 08:00:00,X,2013-01-01 09:48:00,DTW
57,16,U,2013-01-01 18:00:00,A,2013-01-01 18:41:00,BWI
58,2,E,2013-01-01 08:00:00,M,2013-01-01 10:39:00,TPA
59,6,L,2013-01-01 09:00:00,Q,2013-01-01 14:58:00,LAX
60,17,E,2013-01-01 09:00:00,E,2013-01-01 19:59:00,HNL
61,6,C,2013-01-01 09:00:00,A,2013-01-01 14:59:00,LAX
62,2,G,2013-01-01 09:00:00,I,2013-01-01 13:23:00,AUS
63,9,R,2013-01-01 09:00:00,I,2013-01-01 09:52:00,BTV
64,20,F,2013-01-01 08:00:00,X,2013-01-01 11:04:00,STT
65,8,X,2013-01-01 09:00:00,K,2013-01-01 11:46:00,MIA
66,11,T,2013-01-01 09:00:00,V,2013-01-01 11:25:00,MCO
67,1,X,2013-01-01 09:00:00,Z,2013-01-01 10:20:00,RDU
68,13,E,2013-01-01 09:00:00,E,2013-01-01 09:52:00,IAD
69,2,H,2013-01-01 09:00:00,B,2013-01-01 14:33:00,LAX
70,10,X,2013-01-01 09:00:00,Q,2013-01-01 09:38:00,BOS
71,13,F,2013-01-01 09:00:00,H,2013-01-01 11:31:00,PBI
72,13,V,2013-01-01 09:00:00,P,2013-01-01 14:24:00,LAS
73,6,R,2013-01-01 09:00:00,T,2013-01-01 10:06:00,BUF
74,18,J,2013-01-01 09:00:00,P,2013-01-01 11:50:00,FLL
75,8,M,2013-01-01 09:00:00,U,2013-01-01 14:52:00,LAX
76,8,J,2013-01-01 09:00:00,Q,2013-01-01 09:47:00,PWM
77,8,G,2013-01-01 09:00:00,C,2013-01-01 14:42:00,PHX
78,4,X,2013-01-01 10:00:00,U,2013-01-01 11:37:00,CLT
79,4,X,2013-01-01 10:00:00,Z,2013-01-01 15:20:00,LAS
80,5,R,2013-01-01 10:00:00,W,2013-01-01 15:56:00,LAX
81,5,K,2013-01-01 10:00:00,B,2013-01-01 16:29:00,SFO
82,4,P,2013-01-01 10:00:00,N,2013-01-01 16:03:00,SFO
83,19,P,2013-01-01 10:00:00,N,2013-01-01 12:22:00,MCO
84,11,Z,2013-01-01 10:00:00,U,2013-01-01 14:55:00,SLC
85,20,I,2013-01-01 11:00:00,Y,2013-01-01 11:50:00,DCA
86,14,C,2013-01-01 11:00:00,L,2013-01-01 11:52:00,BTV
87,11,P,2013-01-01 11:00:00,Z,2013-01-01 17:04:00,SFO
88,11,H,2013-01-01 11:00:00,C,2013-01-01 16:49:00,SFO
89,16,P,2013-01-01 11:00:00,E,2013-01-01 16:57:00,LAX
90,18,B,2013-01-01 11:00:00,C,2013-01-01 13:48:00,RSW
91,7,K,2013-01-01 11:00:00,I,2013-01-01 16:47:00,LAX
92,2,X,2013-01-01 11:00:00,F,2013-01-01 13:47:00,FLL
93,19,G,2013-01-01 12:00:00,E,2013-01-01 17:30:00,LAX
94,17,S,2013-01-01 12:00:00,G,2013-01-01 17:53:00,LAX
95,12,P,2013-01-01 12:00:00,I,2013-01-01 12:57:00,DCA
96,15,G,2013-01-01 12:00:00,C,2013-01-01 13:42:00,CLT
97,7,N,2013-01-01 12:00:00,M,2013-01-01 17:53:00,SFO
98,12,N,2013-01-01 11:00:00,K,2013-01-01 15:13:00,HOU
99,19,A,2013-01-01 12:00:00,R,2013-01-01 14:40:00,TPA
100,4,W,2013-01-01 12:00:00,V,2013-01-01 12:40:00,BOS
101,12,D,2013-01-01 12:00:00,E,2013-01-01 13:19:00,RDU
102,18,B,2013-01-01 12:00:00,C,2013-01-01 16:58:00,SLC
103,20,Z,2013-01-01 12:00:00,Q,2013-01-01 15:08:00,SJU
104,3,L,2013-01-01 12:00:00,M,2013-01-01 13:10:00,BUF
105,9,H,2013-01-01 12:00:00,X,2013-01-01 14:53:00,FLL
106,12,F,2013-01-01 12:00:00,K,2013-01-01 17:46:00,LGB
107,3,W,2013-01-01 12:00:00,T,2013-01-01 12:40:00,BOS
108,14,L,2013-01-01 12:00:00,X,2013-01-01 13:05:00,ROC
109,7,L,2013-01-01 12:00:00,I,2013-01-01 14:43:00,MIA
110,18,P,2013-01-01 13:00:00,O,2013-01-01 15:30:00,PBI
111,12,R,2013-01-01 13:00:00,U,2013-01-01 15:11:00,ATL
112,5,J,2013-01-01 13:00:00,M,2013-01-01 18:52:00,LAX
113,2,K,2013-01-01 13:00:00,S,2013-01-01 15:14:00,JAX
114,7,G,2013-01-01 12:00:00,I,2013-01-01 17:52:00,LAX
115,19,N,2013-01-01 13:00:00,E,2013-01-01 19:02:00,LAX
116,16,B,2013-01-01 13:00:00,K,2013-01-01 13:49:00,PWM
117,2,K,2013-01-01 13:00:00,M,2013-01-01 13:37:00,BOS
118,4,F,2013-01-01 13:00:00,G,2013-01-01 15:24:00,MCO
119,19,C,2013-01-01 14:00:00,I,2013-01-01 14:38:00,BOS
120,14,B,2013-01-01 13:00:00,C,2013-01-01 18:49:00,SEA
121,1,P,2013-01-01 14:00:00,E,2013-01-01 20:02:00,SFO
122,15,G,2013-01-01 13:00:00,I,2013-01-01 19:11:00,BUR
123,6,M,2013-01-01 14:00:00,H,2013-01-01 20:15:00,SFO
124,7,O,2013-01-01 14:00:00,W,2013-01-01 14:56:00,DCA
125,1,U,2013-01-01 14:00:00,K,2013-01-01 16:21:00,MCO
126,17,B,2013-01-01 14:00:00,Z,2013-01-01 16:41:00,MIA
127,16,R,2013-01-01 14:00:00,J,2013-01-01 15:18:00,RDU
128,7,S,2013-01-01 15:00:00,X,2013-01-01 15:57:00,IAD
129,19,V,2013-01-01 14:00:00,D,2013-01-01 15:08:00,BUF
130,9,K,2013-01-01 14:00:00,E,2013-01-01 16:42:00,FLL
131,13,A,2013-01-01 14:00:00,D,2013-01-01 15:39:00,CLE
132,4,Q,2013-01-01 15:00:00,J,2013-01-01 15:57:00,SYR
133,11,T,2013-01-01 15:00:00,B,2013-01-01 20:40:00,LAX
134,18,O,2013-01-01 14:00:00,H,2013-01-01 17:12:00,MSY
135,19,T,2013-01-01 14:00:00,S,2013-01-01 15:27:00,PIT
136,1,P,2013-01-01 15:00:00,U,2013-01-01 16:06:00,ROC
137,4,G,2013-01-01 15:00:00,A,2013-01-01 17:10:00,IND
138,13,Q,2013-01-01 15:00:00,K,2013-01-01 17:22:00,MCO
139,3,B,2013-01-01 15:00:00,P,2013-01-01 16:19:00,PIT
140,12,Y,2013-01-01 14:00:00,D,2013-01-01 16:51:00,SRQ
141,8,B,2013-01-01 15:00:00,Q,2013-01-01 15:57:00,DCA
142,13,M,2013-01-01 15:00:00,J,2013-01-01 16:38:00,CMH
143,18,E,2013-01-01 15:00:00,C,2013-01-01 20:56:00,LAX
144,3,L,2013-01-01 14:00:00,K,2013-01-01 16:36:00,PBI
145,17,H,2013-01-01 15:00:00,C,2013-01-01 17:43:00,FLL
146,20,O,2013-01-01 14:00:00,K,2013-01-01 15:06:00,BUF
147,9,H,2013-01-01 15:00:00,H,2013-01-01 17:48:00,RSW
148,5,U,2013-01-01 15:00:00,K,2013-01-01 15:40:00,BWI
149,6,I,2013-01-01 15:00:00,R,2013-01-01 17:13:00,MCO
150,7,A,2013-01-01 15:00:00,Z,2013-01-01 21:00:00,SFO
151,4,V,2013-01-01 15:00:00,R,2013-01-01 20:51:00,LAX
152,10,O,2013-01-01 13:00:00,X,2013-01-01 16:13:00,SJU
153,10,A,2013-01-01 15:00:00,O,2013-01-01 20:42:00,SAN
154,16,D,2013-01-01 15:00:00,K,2013-01-01 20:20:00,SLC
155,9,O,2013-01-01 15:00:00,L,2013-01-01 17:26:00,ORD
156,6,V,2013-01-01 15:00:00,A,2013-01-01 17:19:00,IND
157,7,O,2013-01-01 16:00:00,S,2013-01-01 18:30:00,BNA
158,3,I,2013-01-01 16:00:00,M,2013-01-01 20:14:00,DFW
159,8,L,2013-01-01 16:00:00,H,2013-01-01 16:41:00,BOS
160,5,T,2013-01-01 16:00:00,B,2013-01-01 17:58:00,CVG
161,3,V,2013-01-01 16:00:00,C,2013-01-01 18:51:00,RSW
162,14,G,2013-01-01 13:00:00,X,2013-01-01 13:53:00,IAD
163,13,P,2013-01-01 16:00:00,M,2013-01-01 21:09:00,LAS
164,17,B,2013-01-01 16:00:00,Q,2013-01-01 16:35:00,PHL
165,4,R,2013-01-01 15:00:00,P,2013-01-01 17:30:00,ORD
166,12,K,2013-01-01 15:00:00,U,2013-01-01 15:58:00,SYR
167,11,X,2013-01-01 16:00:00,L,2013-01-01 18:17:00,MCO
168,3,P,2013-01-01 16:00:00,B,2013-01-01 18:35:00,FLL
169,15,U,2013-01-01 15:00:00,S,2013-01-01 17:10:00,ATL
170,8,S,2013-01-01 16:00:00,Q,2013-01-01 21:17:00,PHX
171,14,R,2013-01-01 15:00:00,W,2013-01-01 18:08:00,SJU
172,19,R,2013-01-01 16:00:00,N,2013-01-01 22:10:00,LAX
173,17,I,2013-01-01 16:00:00,X,2013-01-01 17:48:00,DTW
174,17,J,2013-01-01 14:00:00,U,2013-01-01 16:39:00,TPA
175,14,N,2013-01-01 16:00:00,Z,2013-01-01 21:54:00,SFO
176,5,P,2013-01-01 16:00:00,C,2013-01-01 20:08:00,DEN
177,8,E,2013-01-01 16:00:00,I,2013-01-01 18:27:00,PBI
178,16,D,2013-01-01 15:00:00,O,2013-01-01 17:53:00,MSP
179,14,D,2013-01-01 16:00:00,F,2013-01-01 16:41:00,BOS
180,12,R,2013-01-01 16:00:00,Q,2013-01-01 21:49:00,SAN
181,19,S,2013-01-01 17:00:00,B,2013-01-01 21:11:00,AUS
182,2,U,2013-01-01 17:00:00,N,2013-01-01 21:40:00,EGE
183,14,U,2013-01-01 17:00:00,O,2013-01-01 22:57:00,SFO
184,14,W,2013-01-01 16:00:00,E,2013-01-01 22:02:00,LAX
185,3,M,2013-01-01 17:00:00,C,2013-01-01 22:22:00,LAS
186,2,R,2013-01-01 17:00:00,J,2013-01-01 17:52:00,ORF
187,18,K,2013-01-01 17:00:00,L,2013-01-01 21:07:00,AUS
188,17,I,2013-01-01 16:00:00,R,2013-01-01 17:52:00,CLT
189,11,U,2013-01-01 17:00:00,X,2013-01-01 19:36:00,FLL
190,18,P,2013-01-01 17:00:00,U,2013-01-01 19:26:00,ORD
191,11,E,2013-01-01 15:00:00,M,2013-01-01 18:03:00,SJU
192,20,X,2013-01-01 17:00:00,K,2013-01-01 20:09:00,SJU
193,19,D,2013-01-01 17:00:00,L,2013-01-01 23:03:00,LAX
194,13,C,2013-01-01 17:00:00,I,2013-01-01 19:37:00,MIA
195,16,E,2013-01-01 17:00:00,W,2013-01-01 22:47:00,SFO
196,2,Y,2013-01-01 17:00:00,A,2013-01-01 22:57:00,SAN
197,16,H,2013-01-01 17:00:00,O,2013-01-01 22:23:00,PHX
198,3,Z,2013-01-01 16:00:00,P,2013-01-01 18:56:00,RSW
199,11,G,2013-01-01 17:00:00,V,2013-01-01 22:41:00,PDX
200,19,O,2013-01-01 16:00:00,M,2013-01-01 17:12:00,RDU
201,13,G,2013-01-01 17:00:00,E,2013-01-01 19:40:00,TPA
202,13,N,2013-01-01 17:00:00,E,2013-01-01 18:05:00,IAD
203,7,E,2013-01-01 17:00:00,P,2013-01-01 22:45:00,LAX
204,7,Y,2013-01-01 17:00:00,T,2013-01-01 19:21:00,MCO
205,19,J,2013-01-01 18:00:00,H,2013-01-01 18:36:00,BOS
206,2,I,2013-01-01 18:00:00,D,2013-01-01 20:32:00,FLL
207,9,D,2013-01-01 18:00:00,K,2013-01-01 19:18:00,RDU
208,3,V,2013-01-01 18:00:00,D,2013-01-01 19:40:00,CLT
209,9,W,2013-01-01 18:00:00,Y,2013-01-01 23:37:00,LGB
210,7,U,2013-01-01 18:00:00,P,2013-01-01 23:34:00,SJC
211,15,Y,2013-01-01 18:00:00,B,2013-01-01 20:38:00,MSP
212,16,G,2013-01-01 18:00:00,Q,2013-01-01 23:48:00,SEA
213,4,S,2013-01-01 18:00:00,V,2013-01-01 19:47:00,DTW
214,14,W,2013-01-01 18:00:00,V,2013-01-01 23:34:00,SEA
215,7,J,2013-01-01 18:00:00,K,2013-01-01 19:46:00,CHS
216,6,A,2013-01-01 18:00:00,G,2013-01-01 19:10:00,BUF
217,6,C,2013-01-01 18:00:00,X,2013-01-01 23:57:00,SFO
218,9,W,2013-01-01 18:00:00,N,2013-01-01 18:34:00,BOS
219,14,H,2013-01-01 18:00:00,J,2013-01-01 21:12:00,SJU
220,11,A,2013-01-01 18:00:00,M,2013-01-01 21:10:00,SJU
221,11,U,2013-01-01 17:00:00,J,2013-01-01 23:01:00,SFO
222,17,O,2013-01-01 19:00:00,O,2013-01-01 19:55:00,IAD
223,13,R,2013-01-01 18:00:00,O,2013-01-01 21:27:00,MSY
224,12,W,2013-01-01 18:00:00,I,2013-01-02 00:04:00,SFO
225,1,Z,2013-01-01 16:00:00,Y,2013-01-01 21:36:00,LAX
226,15,F,2013-01-01 18:00:00,D,2013-01-01 20:13:00,MCO
227,3,M,2013-01-01 18:00:00,A,2013-01-01 20:12:00,ATL
228,6,G,2013-01-01 19:00:00,U,2013-01-01 21:30:00,MIA
229,11,W,2013-01-01 18:00:00,L,2013-01-01 23:30:00,OAK
230,11,I,2013-01-01 19:00:00,R,2013-01-01 21:13:00,MCO
231,10,K,2013-01-01 19:00:00,T,2013-01-02 01:01:00,SFO
232,1,D,2013-01-01 19:00:00,T,2013-01-01 21:39:00,TPA
233,3,X,2013-01-01 19:00:00,N,2013-01-01 23:51:00,SLC
234,7,D,2013-01-01 19:00:00,V,2013-01-02 00:23:00,LAS
235,2,Q,2013-01-01 19:00:00,C,2013-01-01 21:21:00,ORD
236,5,G,2013-01-01 19:00:00,E,2013-01-01 23:41:00,SLC
237,4,A,2013-01-01 19:00:00,C,2013-01-02 00:14:00,PHX
238,15,A,2013-01-01 18:00:00,Y,2013-01-01 23:33:00,SMF
239,6,N,2013-01-01 19:00:00,Z,2013-01-02 00:32:00,LAX
240,11,Q,2013-01-01 19:00:00,N,2013-01-01 20:15:00,RDU
241,7,Q,2013-01-01 17:00:00,P,2013-01-01 22:33:00,SAN
242,10,A,2013-01-01 17:00:00,L,2013-01-01 19:34:00,BNA
243,1,F,2013-01-01 19:00:00,O,2013-01-02 00:32:00,LAX
245,3,E,2013-01-01 19:00:00,P,2013-01-01 21:38:00,TPA
246,1,X,2013-01-01 17:00:00,O,2013-01-01 18:00:00,DCA
247,6,B,2013-01-01 19:00:00,R,2013-01-01 21:09:00,JAX
248,16,P,2013-01-01 18:00:00,W,2013-01-01 23:09:00,LAS
249,4,S,2013-01-01 20:00:00,G,2013-01-02 01:49:00,LAX
250,17,H,2013-01-01 20:00:00,L,2013-01-01 21:16:00,PIT
251,6,X,2013-01-01 20:00:00,U,2013-01-01 20:41:00,BWI
252,15,N,2013-01-01 19:00:00,C,2013-01-02 00:37:00,SFO
253,6,I,2013-01-01 19:00:00,J,2013-01-01 23:11:00,SAT
254,5,E,2013-01-01 20:00:00,S,2013-01-01 20:30:00,PHL
255,19,W,2013-01-01 20:00:00,W,2013-01-01 20:35:00,BOS
256,2,U,2013-01-01 20:00:00,C,2013-01-01 21:02:00,BUF
257,19,U,2013-01-01 19:00:00,Y,2013-01-01 20:39:00,CMH
258,17,J,2013-01-01 19:00:00,C,2013-01-01 20:31:00,CLE
259,8,T,2013-01-01 20:00:00,G,2013-01-01 22:29:00,FLL
260,6,Q,2013-01-01 20:00:00,E,2013-01-02 00:15:00,AUS
261,19,V,2013-01-01 19:00:00,J,2013-01-01 20:58:00,CVG
262,2,X,2013-01-01 18:00:00,J,2013-01-01 23:28:00,BUR
263,1,Z,2013-01-01 20:00:00,F,2013-01-01 22:37:00,FLL
264,5,R,2013-01-01 19:00:00,N,2013-01-01 21:30:00,PBI
265,12,P,2013-01-01 20:00:00,C,2013-01-02 00:05:00,HOU
266,10,Z,2013-01-01 20:00:00,V,2013-01-01 23:15:00,MSY
267,20,Z,2013-01-01 20:00:00,Z,2013-01-01 22:11:00,JAX
268,12,J,2013-01-01 20:00:00,N,2013-01-01 20:43:00,DCA
269,14,A,2013-01-01 19:00:00,F,2013-01-01 20:23:00,RDU
270,16,N,2013-01-01 20:00:00,O,2013-01-02 01:31:00,PDX
271,17,F,2013-01-01 20:00:00,O,2013-01-01 22:43:00,RSW
272,5,C,2013-01-01 20:00:00,S,2013-01-01 20:34:00,BOS
273,7,N,2013-01-01 21:00:00,M,2013-01-02 02:09:00,LAS
274,7,I,2013-01-01 20:00:00,D,2013-01-02 01:23:00,LAX
275,9,S,2013-01-01 17:00:00,C,2013-01-01 18:55:00,CVG
276,6,P,2013-01-01 21:00:00,B,2013-01-02 02:38:00,LAX
277,10,E,2013-01-01 21:00:00,V,2013-01-01 21:54:00,DCA
278,5,Q,2013-01-01 21:00:00,T,2013-01-02 00:43:00,DEN
279,10,P,2013-01-01 21:00:00,F,2013-01-02 00:09:00,SJU
280,12,N,2013-01-01 21:00:00,V,2013-01-01 23:20:00,MCO
281,17,X,2013-01-01 21:00:00,V,2013-01-01 23:23:00,PBI
282,9,V,2013-01-01 21:00:00,F,2013-01-01 22:26:00,RDU
283,9,Z,2013-01-01 21:00:00,B,2013-01-01 22:04:00,BUF
284,6,X,2013-01-01 22:00:00,X,2013-01-02 01:11:00,SJU
285,13,N,2013-01-01 21:00:00,I,2013-01-01 23:43:00,TPA
286,4,M,2013-01-01 21:00:00,W,2013-01-01 23:33:00,FLL
287,19,L,2013-01-01 22:00:00,R,2013-01-01 22:44:00,PWM
288,19,K,2013-01-01 22:00:00,I,2013-01-01 22:37:00,BOS
289,19,B,2013-01-01 22:00:00,L,2013-01-01 22:59:00,ROC
290,5,B,2013-01-01 22:00:00,X,2013-01-01 22:59:00,BTV
291,7,K,2013-01-01 22:00:00,N,2013-01-01 22:57:00,BUF
292,17,G,2013-01-01 21:00:00,H,2013-01-02 01:50:00,LAS
293,12,D,2013-01-01 22:00:00,E,2013-01-01 22:45:00,SYR
294,20,H,2013-01-01 23:00:00,Y,2013-01-02 02:15:00,PSE
295,6,M,2013-01-01 23:00:00,F,2013-01-02 02:05:00,SJU
296,5,Y,2013-01-01 23:00:00,C,2013-01-02 02:06:00,BQN
298,9,N,2013-01-02 23:00:00,M,2013-01-03 02:09:00,SJU
299,4,X,2013-01-02 22:00:00,V,2013-01-02 22:49:00,SYR
300,9,J,2013-01-02 05:00:00,M,2013-01-02 07:36:00,MIA
301,1,Q,2013-01-02 05:00:00,J,2013-01-02 08:04:00,BQN
302,14,Z,2013-01-02 06:00:00,N,2013-01-02 08:36:00,FLL
303,17,W,2013-01-02 06:00:00,O,2013-01-02 08:26:00,PBI
304,8,K,2013-01-02 06:00:00,G,2013-01-02 08:38:00,TPA
305,11,H,2013-01-02 06:00:00,W,2013-01-02 11:41:00,SFO
306,6,W,2013-01-02 06:00:00,I,2013-01-02 08:20:00,MCO
307,17,Q,2013-01-02 06:00:00,R,2013-01-02 08:09:00,ATL
308,6,M,2013-01-02 06:00:00,W,2013-01-02 09:11:00,SJU
309,1,N,2013-01-02 06:00:00,N,2013-01-02 11:54:00,LAX
310,18,Y,2013-01-02 06:00:00,B,2013-01-02 07:46:00,CLT
311,17,V,2013-01-02 06:00:00,E,2013-01-02 08:57:00,RSW
312,15,M,2013-01-02 06:00:00,I,2013-01-02 11:12:00,PHX
313,7,S,2013-01-02 06:00:00,Y,2013-01-02 06:34:00,BOS
314,4,S,2013-01-02 06:00:00,S,2013-01-02 07:00:00,BUF
315,9,U,2013-01-02 06:00:00,B,2013-01-02 10:34:00,SLC
316,7,C,2013-01-02 07:00:00,V,2013-01-02 12:23:00,SFO
317,6,N,2013-01-02 06:00:00,H,2013-01-02 08:24:00,MCO
318,9,P,2013-01-02 06:00:00,S,2013-01-02 10:57:00,LAS
319,3,Q,2013-01-02 07:00:00,H,2013-01-02 12:17:00,LAX
320,15,C,2013-01-02 07:00:00,D,2013-01-02 09:42:00,FLL
321,5,J,2013-01-02 07:00:00,T,2013-01-02 12:30:00,LAX
322,3,N,2013-01-02 06:00:00,I,2013-01-02 09:12:00,MSY
323,17,I,2013-01-02 06:00:00,P,2013-01-02 09:17:00,SJU
324,17,Z,2013-01-02 07:00:00,F,2013-01-02 09:40:00,MIA
325,2,D,2013-01-02 07:00:00,E,2013-01-02 12:27:00,LAX
326,10,O,2013-01-02 07:00:00,U,2013-01-02 09:41:00,FLL
327,10,R,2013-01-02 07:00:00,C,2013-01-02 09:24:00,MCO
328,6,T,2013-01-02 07:00:00,K,2013-01-02 12:41:00,SFO
329,5,X,2013-01-02 07:00:00,D,2013-01-02 12:44:00,SFO
330,16,H,2013-01-02 07:00:00,L,2013-01-02 12:09:00,SEA
331,10,P,2013-01-02 07:00:00,P,2013-01-02 10:07:00,SJU
332,16,P,2013-01-02 07:00:00,F,2013-01-02 12:51:00,LAX
333,5,M,2013-01-02 07:00:00,O,2013-01-02 07:50:00,SYR
334,7,N,2013-01-02 07:00:00,R,2013-01-02 07:57:00,ROC
335,8,M,2013-01-02 07:00:00,C,2013-01-02 12:35:00,SFO
336,18,N,2013-01-02 07:00:00,S,2013-01-02 12:53:00,SFO
337,16,T,2013-01-02 07:00:00,R,2013-01-02 07:30:00,PHL
338,18,T,2013-01-02 07:00:00,H,2013-01-02 09:47:00,SRQ
339,3,A,2013-01-02 08:00:00,W,2013-01-02 09:08:00,PIT
340,8,S,2013-01-02 08:00:00,F,2013-01-02 10:35:00,FLL
341,9,G,2013-01-02 08:00:00,M,2013-01-02 10:35:00,MIA
342,9,H,2013-01-02 08:00:00,F,2013-01-02 10:23:00,MCO
343,10,Z,2013-01-02 08:00:00,J,2013-01-02 09:26:00,RDU
344,2,I,2013-01-02 08:00:00,H,2013-01-02 11:13:00,STT
345,7,G,2013-01-02 08:00:00,S,2013-01-02 10:50:00,FLL
346,2,H,2013-01-02 08:00:00,F,2013-01-02 10:04:00,ATL
347,16,I,2013-01-02 08:00:00,G,2013-01-02 09:11:00,PIT
348,11,B,2013-01-02 08:00:00,Q,2013-01-02 10:40:00,TPA
349,1,W,2013-01-02 08:00:00,T,2013-01-02 08:43:00,DCA
350,11,P,2013-01-02 08:00:00,N,2013-01-02 10:23:00,ORD
351,15,B,2013-01-02 08:00:00,N,2013-01-02 08:37:00,BOS
352,10,P,2013-01-02 08:00:00,E,2013-01-02 09:48:00,CLT
353,5,O,2013-01-02 08:00:00,N,2013-01-02 13:30:00,SAN
354,13,K,2013-01-02 08:00:00,R,2013-01-02 13:36:00,LAS
355,16,B,2013-01-02 08:00:00,G,2013-01-02 10:16:00,JAX
356,4,Z,2013-01-02 08:00:00,P,2013-01-02 11:07:00,SJU
357,13,Z,2013-01-02 08:00:00,U,2013-01-02 11:08:00,SJU
358,15,C,2013-01-02 08:00:00,X,2013-01-02 08:42:00,DCA
359,5,C,2013-01-02 08:00:00,Z,2013-01-02 10:18:00,ORD
360,19,V,2013-01-02 08:00:00,X,2013-01-02 13:40:00,LAX
361,16,Z,2013-01-02 08:00:00,T,2013-01-02 09:27:00,RDU
362,3,K,2013-01-02 08:00:00,R,2013-01-02 11:20:00,SJU
363,1,W,2013-01-02 08:00:00,U,2013-01-02 13:49:00,SFO
364,14,M,2013-01-02 08:00:00,L,2013-01-02 08:59:00,BUF
365,4,S,2013-01-02 08:00:00,B,2013-01-02 09:33:00,DTW
366,9,O,2013-01-02 08:00:00,B,2013-01-02 10:40:00,TPA
367,17,G,2013-01-02 08:00:00,X,2013-01-02 10:33:00,MSP
368,8,U,2013-01-02 09:00:00,X,2013-01-02 14:36:00,LAX
369,15,J,2013-01-02 09:00:00,D,2013-01-02 14:10:00,LAX
370,6,G,2013-01-02 09:00:00,B,2013-01-02 11:43:00,MIA
371,1,P,2013-01-02 09:00:00,K,2013-01-02 14:38:00,LAX
372,3,K,2013-01-02 09:00:00,Z,2013-01-02 09:51:00,BTV
373,2,X,2013-01-02 09:00:00,J,2013-01-02 11:40:00,FLL
374,1,I,2013-01-02 09:00:00,D,2013-01-02 19:38:00,HNL
375,20,C,2013-01-02 09:00:00,F,2013-01-02 09:50:00,IAD
376,18,U,2013-01-02 09:00:00,Y,2013-01-02 09:39:00,BOS
377,19,W,2013-01-02 09:00:00,A,2013-01-02 10:28:00,RDU
378,13,T,2013-01-02 09:00:00,A,2013-01-02 14:08:00,LAS
379,16,S,2013-01-02 09:00:00,P,2013-01-02 13:11:00,AUS
380,17,N,2013-01-02 08:00:00,V,2013-01-02 09:43:00,CLT
381,4,Q,2013-01-02 09:00:00,D,2013-01-02 10:01:00,BUF
382,11,F,2013-01-02 09:00:00,A,2013-01-02 11:36:00,PBI
383,2,D,2013-01-02 09:00:00,Z,2013-01-02 09:47:00,PWM
384,13,L,2013-01-02 09:00:00,Q,2013-01-02 09:59:00,ROC
385,8,U,2013-01-02 10:00:00,A,2013-01-02 16:02:00,SFO
386,7,L,2013-01-02 08:00:00,H,2013-01-02 08:39:00,BWI
387,5,Y,2013-01-02 09:00:00,A,2013-01-02 14:26:00,LAX
388,8,E,2013-01-02 10:00:00,B,2013-01-02 11:51:00,CLT
389,7,A,2013-01-02 10:00:00,B,2013-01-02 15:10:00,LAS
390,9,Z,2013-01-02 09:00:00,D,2013-01-02 14:03:00,PHX
391,20,Q,2013-01-02 10:00:00,Z,2013-01-02 10:35:00,BOS
392,17,I,2013-01-02 10:00:00,B,2013-01-02 15:57:00,SFO
393,20,X,2013-01-02 10:00:00,M,2013-01-02 12:26:00,MCO
394,5,Z,2013-01-02 10:00:00,U,2013-01-02 15:44:00,LAX
395,8,U,2013-01-02 10:00:00,U,2013-01-02 14:35:00,SLC
396,11,H,2013-01-02 09:00:00,G,2013-01-02 11:24:00,MCO
397,18,V,2013-01-02 11:00:00,G,2013-01-02 11:54:00,DCA
398,5,H,2013-01-02 11:00:00,X,2013-01-02 16:30:00,SFO
399,16,C,2013-01-02 11:00:00,R,2013-01-02 16:40:00,SFO
400,19,A,2013-01-02 11:00:00,J,2013-01-02 11:53:00,BTV
401,20,Q,2013-01-02 11:00:00,V,2013-01-02 13:24:00,MCO
402,8,D,2013-01-02 11:00:00,K,2013-01-02 16:32:00,LAX
403,3,H,2013-01-02 11:00:00,V,2013-01-02 13:48:00,RSW
404,7,F,2013-01-02 11:00:00,S,2013-01-02 16:41:00,LAX
405,12,D,2013-01-02 11:00:00,Q,2013-01-02 13:55:00,FLL
406,17,O,2013-01-02 12:00:00,R,2013-01-02 12:55:00,DCA
407,13,D,2013-01-02 11:00:00,V,2013-01-02 15:01:00,HOU
408,7,Y,2013-01-02 12:00:00,I,2013-01-02 17:48:00,LAX
409,5,R,2013-01-02 12:00:00,V,2013-01-02 13:50:00,CLT
410,12,V,2013-01-02 12:00:00,J,2013-01-02 17:38:00,SFO
411,7,Q,2013-01-02 12:00:00,Z,2013-01-02 17:41:00,LAX
412,4,P,2013-01-02 12:00:00,N,2013-01-02 17:37:00,LAX
413,13,M,2013-01-02 12:00:00,S,2013-01-02 14:41:00,TPA
414,7,Q,2013-01-02 12:00:00,P,2013-01-02 13:25:00,RDU
415,1,S,2013-01-02 12:00:00,J,2013-01-02 13:03:00,BUF
416,16,R,2013-01-02 12:00:00,P,2013-01-02 16:24:00,SLC
417,17,C,2013-01-02 12:00:00,E,2013-01-02 15:08:00,SJU
418,19,D,2013-01-02 12:00:00,I,2013-01-02 17:33:00,LGB
419,14,T,2013-01-02 12:00:00,V,2013-01-02 12:36:00,BOS
420,4,M,2013-01-02 12:00:00,A,2013-01-02 14:46:00,FLL
421,10,G,2013-01-02 13:00:00,J,2013-01-02 15:37:00,PBI
422,13,X,2013-01-02 12:00:00,P,2013-01-02 12:40:00,BOS
423,9,F,2013-01-02 13:00:00,N,2013-01-02 15:10:00,ATL
424,11,V,2013-01-02 13:00:00,Y,2013-01-02 19:01:00,LAX
425,8,A,2013-01-02 13:00:00,S,2013-01-02 18:39:00,BUR
426,16,I,2013-01-02 13:00:00,H,2013-01-02 16:13:00,SJU
427,6,Z,2013-01-02 12:00:00,Q,2013-01-02 13:02:00,ROC
428,16,H,2013-01-02 13:00:00,P,2013-01-02 15:13:00,JAX
429,13,U,2013-01-02 13:00:00,I,2013-01-02 18:44:00,LAX
430,15,K,2013-01-02 12:00:00,I,2013-01-02 14:39:00,MIA
431,12,H,2013-01-02 13:00:00,U,2013-01-02 18:23:00,SEA
432,18,Z,2013-01-02 13:00:00,L,2013-01-02 15:43:00,MCO
433,10,O,2013-01-02 13:00:00,P,2013-01-02 13:57:00,IAD
434,2,V,2013-01-02 13:00:00,I,2013-01-02 13:45:00,PWM
435,18,Y,2013-01-02 13:00:00,K,2013-01-02 13:36:00,BOS
436,5,O,2013-01-02 14:00:00,Q,2013-01-02 19:41:00,SFO
437,11,R,2013-01-02 14:00:00,W,2013-01-02 19:47:00,SFO
438,14,S,2013-01-02 14:00:00,M,2013-01-02 16:47:00,SRQ
439,20,G,2013-01-02 14:00:00,R,2013-01-02 15:00:00,DCA
440,14,M,2013-01-02 14:00:00,A,2013-01-02 15:01:00,BUF
441,14,F,2013-01-02 14:00:00,Q,2013-01-02 14:59:00,BUF
442,13,R,2013-01-02 14:00:00,B,2013-01-02 15:21:00,CLE
443,8,T,2013-01-02 14:00:00,W,2013-01-02 15:33:00,CLT
444,16,I,2013-01-02 14:00:00,T,2013-01-02 16:37:00,PBI
445,17,O,2013-01-02 14:00:00,X,2013-01-02 17:16:00,MSY
446,4,D,2013-01-02 14:00:00,W,2013-01-02 14:36:00,BOS
447,18,J,2013-01-02 14:00:00,P,2013-01-02 15:11:00,PIT
448,8,A,2013-01-02 15:00:00,U,2013-01-02 15:57:00,ORF
449,1,A,2013-01-02 15:00:00,N,2013-01-02 20:41:00,LAX
450,3,Y,2013-01-02 14:00:00,V,2013-01-02 16:43:00,MIA
451,5,V,2013-01-02 14:00:00,T,2013-01-02 16:40:00,TPA
452,15,H,2013-01-02 15:00:00,M,2013-01-02 16:56:00,IND
453,9,Y,2013-01-02 15:00:00,X,2013-01-02 15:56:00,IAD
454,9,I,2013-01-02 15:00:00,G,2013-01-02 15:41:00,BWI
455,20,Y,2013-01-02 15:00:00,J,2013-01-02 15:59:00,DCA
456,15,K,2013-01-02 15:00:00,X,2013-01-02 20:41:00,LAX
457,1,G,2013-01-02 15:00:00,B,2013-01-02 17:30:00,MCO
458,3,H,2013-01-02 15:00:00,G,2013-01-02 15:49:00,SYR
459,3,J,2013-01-02 14:00:00,C,2013-01-02 15:25:00,RDU
460,6,I,2013-01-02 15:00:00,L,2013-01-02 17:39:00,FLL
461,19,Z,2013-01-02 15:00:00,C,2013-01-02 16:11:00,PIT
462,2,P,2013-01-02 15:00:00,W,2013-01-02 20:54:00,SFO
463,3,Z,2013-01-02 14:00:00,F,2013-01-02 16:50:00,FLL
464,13,G,2013-01-02 15:00:00,S,2013-01-02 15:54:00,ROC
465,14,T,2013-01-02 15:00:00,I,2013-01-02 16:34:00,CMH
466,5,J,2013-01-02 15:00:00,D,2013-01-02 17:30:00,MCO
467,10,W,2013-01-02 15:00:00,M,2013-01-02 18:15:00,SJU
468,4,W,2013-01-02 15:00:00,P,2013-01-02 17:30:00,ORD
469,4,J,2013-01-02 15:00:00,V,2013-01-02 17:47:00,MSP
470,8,X,2013-01-02 15:00:00,H,2013-01-02 17:49:00,RSW
471,2,E,2013-01-02 15:00:00,E,2013-01-02 17:31:00,ORD
472,7,C,2013-01-02 15:00:00,R,2013-01-02 20:31:00,SAN
473,12,V,2013-01-02 15:00:00,V,2013-01-02 19:37:00,SLC
474,6,M,2013-01-02 15:00:00,B,2013-01-02 16:59:00,ATL
475,13,Y,2013-01-02 15:00:00,M,2013-01-02 20:05:00,PDX
476,3,R,2013-01-02 16:00:00,V,2013-01-02 18:54:00,RSW
477,4,J,2013-01-02 16:00:00,V,2013-01-02 19:50:00,DFW
478,5,E,2013-01-02 16:00:00,R,2013-01-02 17:58:00,CVG
479,20,Y,2013-01-02 16:00:00,U,2013-01-02 18:19:00,BNA
480,17,T,2013-01-02 16:00:00,V,2013-01-02 16:46:00,BOS
481,10,X,2013-01-02 16:00:00,C,2013-01-02 21:20:00,LAS
482,19,K,2013-01-02 15:00:00,I,2013-01-02 15:48:00,SYR
483,1,F,2013-01-02 16:00:00,T,2013-01-02 18:45:00,FLL
484,6,O,2013-01-02 16:00:00,B,2013-01-02 16:29:00,PHL
485,7,P,2013-01-02 10:00:00,J,2013-01-02 15:46:00,SFO
486,14,B,2013-01-02 15:00:00,Y,2013-01-02 18:10:00,SJU
487,14,G,2013-01-02 16:00:00,W,2013-01-02 18:31:00,MCO
488,8,V,2013-01-02 16:00:00,N,2013-01-02 17:23:00,RDU
489,11,C,2013-01-02 15:00:00,O,2013-01-02 16:56:00,IND
490,15,G,2013-01-02 16:00:00,Q,2013-01-02 18:46:00,MEM
491,1,R,2013-01-02 16:00:00,J,2013-01-02 21:23:00,SEA
492,8,E,2013-01-02 16:00:00,O,2013-01-02 21:21:00,LAX
493,1,K,2013-01-02 16:00:00,Y,2013-01-02 17:36:00,DTW
494,16,F,2013-01-02 16:00:00,K,2013-01-02 21:46:00,SFO
495,14,W,2013-01-02 16:00:00,X,2013-01-02 20:02:00,DEN
496,2,B,2013-01-02 16:00:00,N,2013-01-02 18:52:00,RSW
497,14,A,2013-01-02 16:00:00,Y,2013-01-02 18:37:00,MIA
498,10,T,2013-01-02 16:00:00,F,2013-01-02 16:45:00,BOS
499,14,O,2013-01-02 16:00:00,T,2013-01-02 17:31:00,CLT
500,19,X,2013-01-02 17:00:00,U,2013-01-02 22:43:00,SFO
501,1,Y,2013-01-02 16:00:00,M,2013-01-02 21:30:00,LAX
502,7,E,2013-01-02 17:00:00,Y,2013-01-02 21:03:00,AUS
503,18,C,2013-01-02 17:00:00,D,2013-01-02 18:51:00,CVG
504,11,Z,2013-01-02 17:00:00,M,2013-01-02 22:31:00,LAS
505,13,B,2013-01-02 16:00:00,O,2013-01-02 18:29:00,PBI
506,7,M,2013-01-02 16:00:00,X,2013-01-02 21:34:00,SAN
507,18,S,2013-01-02 17:00:00,J,2013-01-02 21:20:00,EGE
508,1,S,2013-01-02 17:00:00,J,2013-01-02 19:35:00,TPA
509,14,E,2013-01-02 17:00:00,J,2013-01-02 17:55:00,ORF
510,1,J,2013-01-02 17:00:00,E,2013-01-02 21:12:00,AUS
511,18,L,2013-01-02 16:00:00,M,2013-01-02 21:35:00,LAX
512,9,X,2013-01-02 17:00:00,U,2013-01-02 19:05:00,ORD
513,8,J,2013-01-02 17:00:00,E,2013-01-02 19:14:00,BNA
514,15,K,2013-01-02 17:00:00,X,2013-01-02 23:21:00,LAX
515,4,V,2013-01-02 17:00:00,U,2013-01-02 19:36:00,MIA
516,1,R,2013-01-02 17:00:00,C,2013-01-02 22:28:00,SFO
517,11,N,2013-01-02 17:00:00,U,2013-01-02 17:52:00,BTV
518,10,U,2013-01-02 17:00:00,P,2013-01-02 22:44:00,SAN
519,5,T,2013-01-02 17:00:00,L,2013-01-02 22:22:00,PDX
520,11,W,2013-01-02 17:00:00,N,2013-01-02 22:19:00,SAN
521,14,I,2013-01-02 17:00:00,X,2013-01-02 19:33:00,MCO
522,8,N,2013-01-02 17:00:00,K,2013-01-02 22:25:00,LAX
523,7,K,2013-01-02 18:00:00,J,2013-01-02 18:43:00,BOS
524,3,I,2013-01-02 17:00:00,E,2013-01-02 17:52:00,IAD
525,14,Y,2013-01-02 14:00:00,E,2013-01-02 16:29:00,MCO
526,13,W,2013-01-02 17:00:00,I,2013-01-02 19:39:00,FLL
527,18,N,2013-01-02 17:00:00,N,2013-01-02 22:48:00,SFO
528,10,I,2013-01-02 18:00:00,J,2013-01-02 20:40:00,FLL
529,7,D,2013-01-02 18:00:00,H,2013-01-02 19:21:00,RDU
530,16,N,2013-01-02 16:00:00,F,2013-01-02 17:04:00,PIT
531,3,Y,2013-01-02 16:00:00,B,2013-01-02 21:12:00,PHX
532,15,D,2013-01-02 17:00:00,S,2013-01-02 21:59:00,PHX
533,13,G,2013-01-02 18:00:00,B,2013-01-02 23:17:00,LGB
534,2,E,2013-01-02 18:00:00,K,2013-01-02 19:44:00,CHS
535,9,S,2013-01-02 18:00:00,M,2013-01-02 23:25:00,SEA
536,14,I,2013-01-02 18:00:00,G,2013-01-02 20:31:00,MSP
537,17,I,2013-01-02 18:00:00,T,2013-01-02 19:35:00,DTW
538,20,E,2013-01-02 18:00:00,C,2013-01-02 23:23:00,SJC
539,11,K,2013-01-02 18:00:00,Z,2013-01-02 18:36:00,BWI
540,17,D,2013-01-02 18:00:00,R,2013-01-02 19:35:00,CLT
541,6,N,2013-01-02 18:00:00,N,2013-01-02 23:21:00,BUR
542,3,M,2013-01-02 18:00:00,L,2013-01-02 21:12:00,SJU
543,1,D,2013-01-02 18:00:00,S,2013-01-02 23:37:00,SEA
544,16,J,2013-01-02 18:00:00,P,2013-01-02 23:28:00,OAK
545,2,K,2013-01-02 18:00:00,U,2013-01-02 18:38:00,BOS
546,16,L,2013-01-02 18:00:00,Q,2013-01-02 23:39:00,SFO
548,9,R,2013-01-02 18:00:00,G,2013-01-02 23:53:00,SFO
549,12,E,2013-01-02 18:00:00,E,2013-01-02 21:11:00,SJU
550,4,Q,2013-01-02 19:00:00,V,2013-01-02 19:53:00,IAD
551,16,H,2013-01-02 18:00:00,C,2013-01-02 20:07:00,ATL
552,5,R,2013-01-02 19:00:00,B,2013-01-03 01:11:00,LAX
553,8,M,2013-01-02 18:00:00,H,2013-01-02 20:34:00,MCO
554,9,G,2013-01-02 19:00:00,Y,2013-01-02 22:11:00,SJU
555,1,B,2013-01-02 18:00:00,U,2013-01-02 18:58:00,BUF
556,15,S,2013-01-02 19:00:00,R,2013-01-02 21:31:00,MCO
557,8,T,2013-01-02 19:00:00,W,2013-01-03 00:36:00,LAS
558,4,Y,2013-01-02 19:00:00,J,2013-01-03 00:33:00,LAX
559,1,F,2013-01-02 19:00:00,R,2013-01-02 21:37:00,TPA
560,8,D,2013-01-02 18:00:00,B,2013-01-02 23:28:00,SMF
561,3,M,2013-01-02 19:00:00,H,2013-01-02 23:32:00,SLC
562,1,T,2013-01-02 19:00:00,P,2013-01-02 21:23:00,ORD
563,1,Z,2013-01-02 19:00:00,F,2013-01-03 00:12:00,PHX
564,12,U,2013-01-02 19:00:00,K,2013-01-02 21:38:00,MIA
565,9,N,2013-01-02 19:00:00,W,2013-01-02 21:29:00,PBI
567,7,O,2013-01-02 19:00:00,R,2013-01-02 23:16:00,SLC
568,16,Q,2013-01-02 19:00:00,T,2013-01-02 20:20:00,CMH
569,1,H,2013-01-02 19:00:00,T,2013-01-03 00:41:00,SFO
570,12,Y,2013-01-02 19:00:00,T,2013-01-02 21:40:00,TPA
571,12,Q,2013-01-02 19:00:00,X,2013-01-02 20:31:00,CLE
572,4,R,2013-01-02 19:00:00,X,2013-01-02 20:56:00,CVG
573,8,J,2013-01-02 19:00:00,Z,2013-01-02 21:08:00,JAX
574,9,E,2013-01-02 19:00:00,L,2013-01-02 20:33:00,CLT
575,5,M,2013-01-02 18:00:00,N,2013-01-02 23:00:00,LAS
576,15,T,2013-01-02 19:00:00,R,2013-01-02 20:22:00,RDU
577,4,B,2013-01-02 20:00:00,F,2013-01-03 01:35:00,LAX
578,11,J,2013-01-02 19:00:00,A,2013-01-03 00:20:00,SFO
579,6,A,2013-01-02 20:00:00,L,2013-01-02 20:30:00,PHL
580,9,R,2013-01-02 17:00:00,H,2013-01-02 17:49:00,DCA
581,9,P,2013-01-02 20:00:00,W,2013-01-02 20:42:00,BOS
582,7,D,2013-01-02 20:00:00,F,2013-01-03 01:25:00,PDX
583,9,I,2013-01-02 20:00:00,K,2013-01-02 23:18:00,MSY
584,20,P,2013-01-02 20:00:00,N,2013-01-02 21:10:00,PIT
585,3,Z,2013-01-02 20:00:00,Q,2013-01-02 22:40:00,FLL
586,20,X,2013-01-02 20:00:00,U,2013-01-02 22:07:00,ATL
587,8,H,2013-01-02 20:00:00,O,2013-01-02 22:38:00,FLL
588,19,G,2013-01-02 20:00:00,D,2013-01-03 00:19:00,AUS
589,15,C,2013-01-02 20:00:00,O,2013-01-03 00:04:00,HOU
590,15,Q,2013-01-02 18:00:00,F,2013-01-02 21:22:00,MSY
591,5,Z,2013-01-02 19:00:00,B,2013-01-02 20:25:00,RDU
592,11,B,2013-01-02 20:00:00,J,2013-01-02 20:42:00,DCA
593,15,K,2013-01-02 20:00:00,M,2013-01-02 22:19:00,JAX
595,6,B,2013-01-02 20:00:00,H,2013-01-03 01:16:00,LAX
596,12,Z,2013-01-02 21:00:00,L,2013-01-03 03:07:00,LAX
597,17,R,2013-01-02 21:00:00,M,2013-01-03 02:04:00,LAS
598,20,E,2013-01-02 20:00:00,P,2013-01-02 21:03:00,BUF
599,2,F,2013-01-02 21:00:00,M,2013-01-03 01:00:00,DEN
600,1,P,2013-01-02 21:00:00,C,2013-01-02 23:42:00,TPA
601,11,P,2013-01-02 21:00:00,Y,2013-01-03 02:07:00,LAS
602,7,A,2013-01-02 21:00:00,U,2013-01-03 02:40:00,LAX
603,12,R,2013-01-02 21:00:00,S,2013-01-03 00:14:00,SJU
604,10,U,2013-01-02 21:00:00,F,2013-01-02 22:03:00,BUF
605,10,V,2013-01-02 21:00:00,G,2013-01-02 23:31:00,PBI
606,14,S,2013-01-02 20:00:00,F,2013-01-02 20:39:00,BWI
607,1,Q,2013-01-02 21:00:00,N,2013-01-02 22:23:00,RDU
608,10,T,2013-01-02 22:00:00,Y,2013-01-03 00:39:00,FLL
609,15,K,2013-01-02 22:00:00,J,2013-01-03 01:11:00,SJU
610,5,Y,2013-01-02 22:00:00,Y,2013-01-02 22:45:00,PWM
611,2,M,2013-01-02 22:00:00,J,2013-01-02 22:53:00,ROC
612,19,W,2013-01-02 22:00:00,B,2013-01-02 22:59:00,BUF
613,18,D,2013-01-02 21:00:00,B,2013-01-02 21:50:00,DCA
614,9,M,2013-01-02 21:00:00,C,2013-01-02 23:20:00,MCO
615,8,Q,2013-01-02 22:00:00,K,2013-01-02 22:55:00,BTV
616,2,O,2013-01-02 23:00:00,N,2013-01-03 02:15:00,PSE
617,20,G,2013-01-02 23:00:00,Z,2013-01-03 02:00:00,BQN
619,2,P,2013-01-03 23:00:00,J,2013-01-04 02:13:00,SJU
620,15,E,2013-01-03 21:00:00,Y,2013-01-03 21:58:00,BUF
621,7,Y,2013-01-03 23:00:00,L,2013-01-04 02:06:00,BQN
622,8,C,2013-01-03 05:00:00,K,2013-01-03 07:38:00,MIA
623,20,B,2013-01-03 05:00:00,K,2013-01-03 08:11:00,BQN
624,18,E,2013-01-03 06:00:00,H,2013-01-03 08:32:00,MCO
625,8,G,2013-01-03 06:00:00,Y,2013-01-03 06:57:00,IAD
626,3,O,2013-01-03 06:00:00,X,2013-01-03 08:44:00,FLL
627,4,N,2013-01-03 06:00:00,N,2013-01-03 08:29:00,PBI
628,3,Y,2013-01-03 06:00:00,S,2013-01-03 08:52:00,TPA
629,17,O,2013-01-03 06:00:00,H,2013-01-03 11:24:00,SFO
630,16,V,2013-01-03 06:00:00,B,2013-01-03 09:08:00,RSW
631,13,F,2013-01-03 06:00:00,E,2013-01-03 08:15:00,ATL
632,10,H,2013-01-03 06:00:00,L,2013-01-03 07:38:00,CLT
633,8,Z,2013-01-03 05:00:00,Y,2013-01-03 10:35:00,LAX
634,20,S,2013-01-03 06:00:00,U,2013-01-03 09:10:00,SJU
635,4,E,2013-01-03 06:00:00,T,2013-01-03 09:22:00,SJU
636,12,M,2013-01-03 06:00:00,B,2013-01-03 10:52:00,PHX
637,14,T,2013-01-03 06:00:00,Z,2013-01-03 06:37:00,BOS
638,10,Q,2013-01-03 06:00:00,R,2013-01-03 07:00:00,BUF
639,6,M,2013-01-03 06:00:00,F,2013-01-03 10:32:00,SLC
640,10,A,2013-01-03 07:00:00,K,2013-01-03 12:39:00,SFO
641,9,R,2013-01-03 07:00:00,Z,2013-01-03 12:19:00,LAX
642,3,G,2013-01-03 06:00:00,Y,2013-01-03 08:38:00,MCO
643,5,V,2013-01-03 07:00:00,R,2013-01-03 09:45:00,FLL
644,9,Q,2013-01-03 06:00:00,J,2013-01-03 10:54:00,LAS
645,18,O,2013-01-03 07:00:00,C,2013-01-03 12:16:00,LAX
646,13,W,2013-01-03 07:00:00,G,2013-01-03 12:13:00,LAX
647,1,W,2013-01-03 06:00:00,G,2013-01-03 09:24:00,MSY
648,14,J,2013-01-03 07:00:00,D,2013-01-03 10:10:00,SJU
649,6,A,2013-01-03 07:00:00,J,2013-01-03 09:49:00,MIA
650,13,L,2013-01-03 07:00:00,U,2013-01-03 09:51:00,FLL
651,6,E,2013-01-03 07:00:00,Q,2013-01-03 12:36:00,SFO
652,16,X,2013-01-03 07:00:00,W,2013-01-03 09:36:00,MCO
653,18,E,2013-01-03 07:00:00,V,2013-01-03 12:33:00,SFO
654,18,N,2013-01-03 07:00:00,H,2013-01-03 07:59:00,ROC
655,9,I,2013-01-03 07:00:00,Y,2013-01-03 12:13:00,LAX
656,3,Y,2013-01-03 07:00:00,D,2013-01-03 07:49:00,SYR
657,10,W,2013-01-03 07:00:00,I,2013-01-03 12:32:00,SEA
658,1,J,2013-01-03 07:00:00,W,2013-01-03 12:36:00,SFO
659,14,Y,2013-01-03 07:00:00,H,2013-01-03 12:27:00,SFO
660,3,F,2013-01-03 07:00:00,H,2013-01-03 08:35:00,PIT
661,10,I,2013-01-03 08:00:00,N,2013-01-03 10:43:00,MIA
662,3,L,2013-01-03 07:00:00,K,2013-01-03 12:37:00,SFO
663,7,U,2013-01-03 08:00:00,Z,2013-01-03 10:44:00,MSP
664,19,B,2013-01-03 08:00:00,U,2013-01-03 10:45:00,FLL
665,3,U,2013-01-03 08:00:00,H,2013-01-03 10:52:00,FLL
666,6,J,2013-01-03 08:00:00,O,2013-01-03 09:19:00,RDU
667,11,X,2013-01-03 07:00:00,D,2013-01-03 09:59:00,SRQ
668,4,W,2013-01-03 08:00:00,V,2013-01-03 08:34:00,BOS
669,4,Q,2013-01-03 08:00:00,B,2013-01-03 11:31:00,STT
670,11,H,2013-01-03 08:00:00,M,2013-01-03 10:37:00,MCO
671,18,B,2013-01-03 08:00:00,P,2013-01-03 10:55:00,TPA
672,19,F,2013-01-03 08:00:00,O,2013-01-03 09:17:00,PIT
673,6,T,2013-01-03 08:00:00,B,2013-01-03 10:14:00,ATL
674,2,S,2013-01-03 08:00:00,K,2013-01-03 12:53:00,LAS
675,13,G,2013-01-03 08:00:00,E,2013-01-03 10:03:00,ORD
676,6,C,2013-01-03 08:00:00,J,2013-01-03 08:57:00,DCA
677,4,F,2013-01-03 08:00:00,M,2013-01-03 09:42:00,CLT
678,3,W,2013-01-03 08:00:00,O,2013-01-03 09:31:00,RDU
679,9,Q,2013-01-03 08:00:00,B,2013-01-03 13:21:00,LAX
680,20,Z,2013-01-03 08:00:00,J,2013-01-03 10:13:00,ORD
681,12,I,2013-01-03 08:00:00,V,2013-01-03 11:16:00,SJU
682,7,T,2013-01-03 08:00:00,V,2013-01-03 08:43:00,DCA
683,12,M,2013-01-03 08:00:00,M,2013-01-03 08:33:00,BOS
684,3,Y,2013-01-03 08:00:00,A,2013-01-03 10:20:00,JAX
685,9,M,2013-01-03 08:00:00,M,2013-01-03 13:16:00,SAN
686,15,Q,2013-01-03 08:00:00,C,2013-01-03 11:15:00,SJU
687,11,R,2013-01-03 08:00:00,C,2013-01-03 10:45:00,TPA
688,6,B,2013-01-03 08:00:00,C,2013-01-03 09:37:00,DTW
689,17,R,2013-01-03 09:00:00,D,2013-01-03 14:23:00,LAX
690,1,B,2013-01-03 09:00:00,C,2013-01-03 14:27:00,LAX
691,9,J,2013-01-03 09:00:00,B,2013-01-03 14:22:00,LAX
692,20,P,2013-01-03 08:00:00,Q,2013-01-03 08:41:00,BWI
693,1,X,2013-01-03 09:00:00,M,2013-01-03 11:40:00,MIA
694,20,T,2013-01-03 09:00:00,W,2013-01-03 11:48:00,FLL
695,5,S,2013-01-03 09:00:00,S,2013-01-03 09:52:00,IAD
696,7,G,2013-01-03 09:00:00,O,2013-01-03 13:26:00,AUS
697,3,J,2013-01-03 09:00:00,J,2013-01-03 11:33:00,MCO
698,15,Q,2013-01-03 09:00:00,L,2013-01-03 09:45:00,BTV
699,7,Q,2013-01-03 09:00:00,E,2013-01-03 09:29:00,BOS
700,12,I,2013-01-03 09:00:00,Q,2013-01-03 19:16:00,HNL
701,14,L,2013-01-03 08:00:00,I,2013-01-03 09:38:00,CLT
702,3,H,2013-01-03 09:00:00,Z,2013-01-03 10:27:00,RDU
703,12,X,2013-01-03 09:00:00,H,2013-01-03 13:56:00,LAS
704,8,J,2013-01-03 09:00:00,V,2013-01-03 09:59:00,BUF
705,19,M,2013-01-03 08:00:00,G,2013-01-03 11:25:00,SJU
706,3,Y,2013-01-03 09:00:00,L,2013-01-03 13:57:00,LAX
707,6,U,2013-01-03 09:00:00,Y,2013-01-03 11:47:00,PBI
708,17,J,2013-01-03 09:00:00,C,2013-01-03 09:56:00,IAD
709,9,M,2013-01-03 09:00:00,R,2013-01-03 09:27:00,PHL
710,19,V,2013-01-03 09:00:00,E,2013-01-03 13:53:00,PHX
711,15,V,2013-01-03 10:00:00,H,2013-01-03 15:47:00,SFO
712,15,Z,2013-01-03 10:00:00,N,2013-01-03 14:48:00,LAS
713,4,A,2013-01-03 09:00:00,E,2013-01-03 09:45:00,PWM
714,16,F,2013-01-03 10:00:00,T,2013-01-03 11:36:00,CLT
715,6,B,2013-01-03 09:00:00,L,2013-01-03 10:00:00,ROC
716,7,Q,2013-01-03 10:00:00,Z,2013-01-03 15:22:00,LAX
717,4,Y,2013-01-03 10:00:00,N,2013-01-03 15:26:00,SFO
718,17,J,2013-01-03 10:00:00,R,2013-01-03 15:35:00,SFO
719,3,V,2013-01-03 10:00:00,L,2013-01-03 12:37:00,MCO
720,19,W,2013-01-03 11:00:00,T,2013-01-03 15:29:00,SLC
721,17,A,2013-01-03 11:00:00,Y,2013-01-03 11:51:00,DCA
722,2,P,2013-01-03 11:00:00,J,2013-01-03 16:42:00,SFO
723,8,M,2013-01-03 11:00:00,F,2013-01-03 16:27:00,SFO
724,20,D,2013-01-03 11:00:00,O,2013-01-03 14:09:00,SJU
725,11,C,2013-01-03 11:00:00,E,2013-01-03 16:20:00,LAX
726,4,G,2013-01-03 11:00:00,B,2013-01-03 13:33:00,MCO
727,19,L,2013-01-03 11:00:00,X,2013-01-03 16:05:00,LAX
728,3,L,2013-01-03 11:00:00,G,2013-01-03 14:07:00,RSW
729,13,T,2013-01-03 11:00:00,K,2013-01-03 11:49:00,BTV
730,6,O,2013-01-03 11:00:00,U,2013-01-03 11:35:00,BOS
731,16,D,2013-01-03 12:00:00,P,2013-01-03 17:25:00,LAX
732,17,T,2013-01-03 12:00:00,V,2013-01-03 17:33:00,SFO
733,4,N,2013-01-03 12:00:00,X,2013-01-03 13:03:00,DCA
734,15,M,2013-01-03 11:00:00,J,2013-01-03 15:08:00,HOU
735,14,J,2013-01-03 11:00:00,N,2013-01-03 13:51:00,FLL
736,11,U,2013-01-03 12:00:00,E,2013-01-03 13:36:00,CLT
737,12,L,2013-01-03 12:00:00,N,2013-01-03 17:08:00,LAX
738,14,L,2013-01-03 12:00:00,J,2013-01-03 13:08:00,BUF
739,20,N,2013-01-03 12:00:00,F,2013-01-03 16:20:00,SLC
740,8,B,2013-01-03 12:00:00,H,2013-01-03 13:28:00,RDU
741,18,X,2013-01-03 12:00:00,I,2013-01-03 17:24:00,LAX
742,19,D,2013-01-03 12:00:00,K,2013-01-03 14:44:00,MIA
743,13,F,2013-01-03 12:00:00,C,2013-01-03 12:35:00,BOS
744,18,S,2013-01-03 13:00:00,U,2013-01-03 13:27:00,PHL
745,13,G,2013-01-03 12:00:00,A,2013-01-03 12:35:00,BOS
746,11,Z,2013-01-03 12:00:00,W,2013-01-03 14:42:00,PBI
747,8,M,2013-01-03 12:00:00,P,2013-01-03 13:02:00,ROC
748,3,U,2013-01-03 12:00:00,F,2013-01-03 14:57:00,TPA
749,8,V,2013-01-03 12:00:00,L,2013-01-03 17:11:00,LGB
750,15,F,2013-01-03 13:00:00,Q,2013-01-03 18:20:00,LAX
751,19,K,2013-01-03 13:00:00,O,2013-01-03 18:10:00,BUR
752,15,C,2013-01-03 13:00:00,K,2013-01-03 18:31:00,LAX
753,18,P,2013-01-03 13:00:00,Y,2013-01-03 13:45:00,PWM
754,19,V,2013-01-03 13:00:00,H,2013-01-03 13:45:00,IAD
755,2,E,2013-01-03 13:00:00,H,2013-01-03 16:20:00,SJU
756,4,J,2013-01-03 13:00:00,W,2013-01-03 15:40:00,MCO
757,1,D,2013-01-03 13:00:00,H,2013-01-03 18:23:00,SEA
758,4,P,2013-01-03 14:00:00,L,2013-01-03 14:37:00,BOS
759,7,H,2013-01-03 14:00:00,X,2013-01-03 19:26:00,SFO
760,14,K,2013-01-03 14:00:00,B,2013-01-03 17:02:00,SRQ
761,18,I,2013-01-03 13:00:00,V,2013-01-03 15:23:00,JAX
762,20,E,2013-01-03 14:00:00,V,2013-01-03 15:26:00,CLE
763,7,X,2013-01-03 14:00:00,Q,2013-01-03 14:41:00,BOS
764,4,T,2013-01-03 14:00:00,L,2013-01-03 15:27:00,RDU
765,8,R,2013-01-03 14:00:00,L,2013-01-03 16:42:00,MIA
766,20,S,2013-01-03 14:00:00,Y,2013-01-03 15:12:00,PIT
767,3,W,2013-01-03 14:00:00,B,2013-01-03 19:28:00,SFO
768,17,R,2013-01-03 15:00:00,Y,2013-01-03 20:21:00,LAX
769,19,R,2013-01-03 14:00:00,O,2013-01-03 15:05:00,BUF
770,2,H,2013-01-03 14:00:00,Q,2013-01-03 14:58:00,ORF
771,8,S,2013-01-03 14:00:00,P,2013-01-03 15:07:00,BUF
772,10,Q,2013-01-03 14:00:00,D,2013-01-03 16:54:00,FLL
773,12,E,2013-01-03 15:00:00,U,2013-01-03 16:13:00,PIT
774,12,V,2013-01-03 14:00:00,W,2013-01-03 16:42:00,PBI
775,19,L,2013-01-03 14:00:00,O,2013-01-03 16:33:00,MCO
776,8,U,2013-01-03 15:00:00,G,2013-01-03 16:57:00,IND
777,20,A,2013-01-03 15:00:00,E,2013-01-03 15:49:00,DCA
778,11,U,2013-01-03 15:00:00,F,2013-01-03 16:33:00,CMH
779,12,J,2013-01-03 14:00:00,G,2013-01-03 16:53:00,TPA
780,17,V,2013-01-03 15:00:00,Q,2013-01-03 17:52:00,FLL
781,5,T,2013-01-03 15:00:00,J,2013-01-03 17:32:00,MCO
782,5,X,2013-01-03 15:00:00,T,2013-01-03 17:54:00,RSW
783,9,Z,2013-01-03 15:00:00,A,2013-01-03 17:05:00,ORD
784,19,Q,2013-01-03 15:00:00,I,2013-01-03 15:56:00,ROC
785,4,U,2013-01-03 15:00:00,E,2013-01-03 20:19:00,LAX
786,14,I,2013-01-03 15:00:00,J,2013-01-03 17:08:00,ORD
787,4,N,2013-01-03 15:00:00,L,2013-01-03 15:39:00,BWI
788,16,M,2013-01-03 15:00:00,R,2013-01-03 20:23:00,LAX
789,6,P,2013-01-03 15:00:00,J,2013-01-03 18:20:00,SJU
790,20,B,2013-01-03 15:00:00,K,2013-01-03 15:51:00,IAD
791,12,W,2013-01-03 14:00:00,H,2013-01-03 17:15:00,MSY
792,14,J,2013-01-03 15:00:00,Y,2013-01-03 16:46:00,IND
793,10,Q,2013-01-03 16:00:00,A,2013-01-03 17:57:00,CVG
794,4,Z,2013-01-03 16:00:00,Q,2013-01-03 19:51:00,DFW
795,14,F,2013-01-03 16:00:00,A,2013-01-03 19:03:00,MIA
796,17,F,2013-01-03 15:00:00,W,2013-01-03 16:31:00,DTW
797,5,O,2013-01-03 15:00:00,X,2013-01-03 17:29:00,MSP
798,16,B,2013-01-03 16:00:00,Q,2013-01-03 19:39:00,DEN
799,14,G,2013-01-03 16:00:00,B,2013-01-03 18:41:00,MCO
800,18,J,2013-01-03 15:00:00,H,2013-01-03 17:09:00,ATL
801,6,H,2013-01-03 16:00:00,X,2013-01-03 20:42:00,LAS
802,3,E,2013-01-03 16:00:00,D,2013-01-03 18:51:00,RSW
803,9,M,2013-01-03 16:00:00,O,2013-01-03 18:35:00,MCO
804,18,E,2013-01-03 15:00:00,H,2013-01-03 15:53:00,SYR
805,17,S,2013-01-03 16:00:00,R,2013-01-03 19:40:00,DFW
806,11,Y,2013-01-03 15:00:00,H,2013-01-03 15:50:00,DCA
807,15,C,2013-01-03 16:00:00,U,2013-01-03 20:37:00,PHX
808,15,X,2013-01-03 13:00:00,F,2013-01-03 15:20:00,ATL
809,10,N,2013-01-03 16:00:00,T,2013-01-03 16:37:00,PHL
810,5,X,2013-01-03 16:00:00,G,2013-01-03 21:01:00,LAX
811,8,L,2013-01-03 15:00:00,X,2013-01-03 19:26:00,SLC
812,17,Z,2013-01-03 16:00:00,G,2013-01-03 17:16:00,RDU
813,5,V,2013-01-03 16:00:00,Y,2013-01-03 18:57:00,RSW
814,9,B,2013-01-03 16:00:00,R,2013-01-03 16:40:00,BOS
815,5,R,2013-01-03 16:00:00,V,2013-01-03 21:33:00,SFO
816,11,P,2013-01-03 16:00:00,Y,2013-01-03 20:06:00,AUS
817,19,K,2013-01-03 16:00:00,I,2013-01-03 21:11:00,SAN
818,7,G,2013-01-03 17:00:00,R,2013-01-03 17:52:00,ORF
819,15,I,2013-01-03 17:00:00,F,2013-01-03 19:43:00,FLL
820,9,X,2013-01-03 16:00:00,Z,2013-01-03 16:41:00,BOS
821,18,R,2013-01-03 17:00:00,Q,2013-01-03 22:36:00,SFO
822,2,D,2013-01-03 17:00:00,R,2013-01-03 22:22:00,LAX
823,5,R,2013-01-03 17:00:00,Q,2013-01-03 21:57:00,LAS
824,15,P,2013-01-03 17:00:00,M,2013-01-03 20:10:00,SJU
825,10,R,2013-01-03 17:00:00,I,2013-01-03 20:15:00,SJU
826,10,H,2013-01-03 17:00:00,X,2013-01-03 21:14:00,AUS
827,1,H,2013-01-03 17:00:00,X,2013-01-03 17:45:00,DCA
828,1,V,2013-01-03 16:00:00,H,2013-01-03 18:35:00,PBI
829,2,V,2013-01-03 17:00:00,R,2013-01-03 22:09:00,SAN
830,9,D,2013-01-03 17:00:00,L,2013-01-03 19:45:00,TPA
831,3,A,2013-01-03 16:00:00,D,2013-01-03 21:19:00,LAX
832,16,J,2013-01-03 16:00:00,F,2013-01-03 21:21:00,LAX
833,13,Y,2013-01-03 17:00:00,R,2013-01-03 19:37:00,MIA
834,16,K,2013-01-03 17:00:00,S,2013-01-03 22:32:00,SFO
835,13,J,2013-01-03 17:00:00,J,2013-01-03 22:09:00,SAN
836,10,P,2013-01-03 17:00:00,G,2013-01-03 21:43:00,PHX
837,17,F,2013-01-03 17:00:00,C,2013-01-03 19:15:00,ORD
838,14,Z,2013-01-03 17:00:00,L,2013-01-03 17:45:00,BTV
839,1,H,2013-01-03 17:00:00,H,2013-01-03 22:20:00,LAX
840,6,N,2013-01-03 17:00:00,Y,2013-01-03 22:25:00,PDX
841,4,G,2013-01-03 15:00:00,M,2013-01-03 18:13:00,SJU
842,18,W,2013-01-03 18:00:00,J,2013-01-03 20:48:00,FLL
843,16,D,2013-01-03 18:00:00,O,2013-01-03 19:16:00,RDU
844,3,P,2013-01-03 16:00:00,N,2013-01-03 17:35:00,CLT
845,17,R,2013-01-03 18:00:00,F,2013-01-03 22:53:00,LGB
846,15,M,2013-01-03 18:00:00,W,2013-01-03 18:54:00,ORF
847,16,D,2013-01-03 18:00:00,D,2013-01-03 18:43:00,BOS
848,11,V,2013-01-03 18:00:00,T,2013-01-03 19:33:00,CLT
849,9,I,2013-01-03 18:00:00,S,2013-01-03 23:21:00,SJC
850,18,N,2013-01-03 15:00:00,D,2013-01-03 20:28:00,SFO
851,16,N,2013-01-03 18:00:00,K,2013-01-03 20:32:00,MSP
852,10,Y,2013-01-03 18:00:00,X,2013-01-03 23:07:00,BUR
853,7,Z,2013-01-03 18:00:00,P,2013-01-03 23:40:00,SEA
854,20,B,2013-01-03 18:00:00,N,2013-01-03 19:27:00,DTW
855,9,T,2013-01-03 17:00:00,M,2013-01-03 20:59:00,EGE
856,16,K,2013-01-03 17:00:00,L,2013-01-03 19:38:00,MCO
857,8,H,2013-01-03 18:00:00,C,2013-01-03 20:42:00,MIA
858,14,O,2013-01-03 18:00:00,B,2013-01-03 21:09:00,SJU
859,6,J,2013-01-03 18:00:00,W,2013-01-03 20:09:00,ATL
860,13,E,2013-01-03 17:00:00,A,2013-01-03 19:44:00,BNA
861,5,S,2013-01-03 17:00:00,N,2013-01-03 22:14:00,SFO
862,18,R,2013-01-03 18:00:00,C,2013-01-03 20:48:00,TPA
863,9,K,2013-01-03 19:00:00,J,2013-01-03 19:43:00,IAD
864,5,O,2013-01-03 18:00:00,U,2013-01-03 23:13:00,SMF
865,4,V,2013-01-03 19:00:00,B,2013-01-04 00:29:00,SFO
866,19,Y,2013-01-03 18:00:00,P,2013-01-03 22:55:00,LAS
867,6,W,2013-01-03 19:00:00,X,2013-01-04 00:48:00,LAX
869,1,O,2013-01-03 19:00:00,Y,2013-01-03 23:53:00,LAX
870,1,D,2013-01-03 17:00:00,V,2013-01-03 17:52:00,IAD
871,13,U,2013-01-03 19:00:00,R,2013-01-04 00:33:00,LAS
872,20,Q,2013-01-03 18:00:00,Y,2013-01-03 23:26:00,SFO
873,5,K,2013-01-03 18:00:00,K,2013-01-03 23:33:00,SFO
874,6,Q,2013-01-03 19:00:00,X,2013-01-03 21:40:00,FLL
875,5,G,2013-01-03 19:00:00,H,2013-01-03 23:33:00,PHX
876,12,X,2013-01-03 19:00:00,Q,2013-01-03 23:10:00,SLC
877,8,W,2013-01-03 19:00:00,Q,2013-01-03 20:09:00,PIT
878,19,C,2013-01-03 18:00:00,V,2013-01-03 18:52:00,RIC
879,12,V,2013-01-03 18:00:00,L,2013-01-03 23:30:00,SEA
880,13,C,2013-01-03 18:00:00,W,2013-01-03 21:07:00,MSY
881,20,R,2013-01-03 19:00:00,R,2013-01-03 19:49:00,IAD
882,6,A,2013-01-03 19:00:00,I,2013-01-03 20:16:00,RDU
883,3,U,2013-01-03 19:00:00,M,2013-01-03 19:35:00,BWI
884,9,C,2013-01-03 18:00:00,L,2013-01-03 20:30:00,MCO
885,7,A,2013-01-03 18:00:00,L,2013-01-03 20:25:00,MCO
886,7,M,2013-01-03 18:00:00,D,2013-01-03 23:19:00,OAK
887,18,L,2013-01-03 19:00:00,D,2013-01-03 20:22:00,RDU
888,11,Y,2013-01-03 19:00:00,H,2013-01-03 21:42:00,TPA
889,18,B,2013-01-03 19:00:00,T,2013-01-03 20:14:00,CMH
890,9,U,2013-01-03 19:00:00,Q,2013-01-03 21:15:00,JAX
891,19,W,2013-01-03 19:00:00,C,2013-01-04 00:15:00,SFO
892,15,S,2013-01-03 19:00:00,F,2013-01-03 20:31:00,CLT
893,19,E,2013-01-03 19:00:00,J,2013-01-03 20:13:00,CLE
894,19,V,2013-01-03 20:00:00,X,2013-01-03 20:38:00,BOS
895,8,O,2013-01-03 18:00:00,E,2013-01-03 18:40:00,BWI
896,3,F,2013-01-03 19:00:00,A,2013-01-03 23:28:00,SLC
897,3,N,2013-01-03 15:00:00,H,2013-01-03 17:38:00,FLL
898,17,G,2013-01-03 19:00:00,N,2013-01-03 20:50:00,ORD
899,7,H,2013-01-03 20:00:00,H,2013-01-03 20:39:00,BOS
900,15,R,2013-01-03 20:00:00,G,2013-01-04 01:09:00,LAX
901,18,S,2013-01-03 20:00:00,Y,2013-01-04 01:09:00,LAX
902,17,D,2013-01-03 20:00:00,M,2013-01-04 01:30:00,PDX
903,13,Y,2013-01-03 20:00:00,Y,2013-01-03 20:28:00,PHL
904,15,E,2013-01-03 20:00:00,M,2013-01-03 23:10:00,MSY
905,7,U,2013-01-03 20:00:00,H,2013-01-03 22:41:00,FLL
906,16,O,2013-01-03 20:00:00,E,2013-01-03 20:37:00,BOS
907,13,Q,2013-01-03 20:00:00,J,2013-01-03 22:10:00,JAX
908,5,Y,2013-01-03 19:00:00,Z,2013-01-03 21:27:00,PBI
909,8,C,2013-01-03 16:00:00,A,2013-01-03 18:05:00,BNA
910,16,E,2013-01-03 20:00:00,R,2013-01-04 00:15:00,AUS
911,13,L,2013-01-03 20:00:00,B,2013-01-04 01:01:00,LAX
912,15,W,2013-01-03 20:00:00,C,2013-01-03 22:47:00,RSW
913,20,T,2013-01-03 20:00:00,M,2013-01-03 20:59:00,BUF
914,8,D,2013-01-03 20:00:00,R,2013-01-03 23:49:00,HOU
915,8,M,2013-01-03 18:00:00,A,2013-01-03 19:01:00,BUF
916,1,W,2013-01-03 21:00:00,O,2013-01-04 02:47:00,LAX
917,6,N,2013-01-03 21:00:00,N,2013-01-03 21:54:00,DCA
918,7,C,2013-01-03 21:00:00,L,2013-01-04 01:34:00,LAS
919,2,B,2013-01-03 21:00:00,K,2013-01-04 01:59:00,LAX
920,9,G,2013-01-03 21:00:00,A,2013-01-03 23:36:00,TPA
921,3,O,2013-01-03 21:00:00,I,2013-01-04 00:16:00,SJU
922,19,J,2013-01-03 21:00:00,L,2013-01-04 00:32:00,DEN
923,19,R,2013-01-03 21:00:00,B,2013-01-03 23:28:00,MCO
924,4,W,2013-01-03 21:00:00,E,2013-01-03 23:37:00,FLL
925,8,O,2013-01-03 20:00:00,J,2013-01-03 20:43:00,DCA
926,17,T,2013-01-03 21:00:00,F,2013-01-03 23:26:00,PBI
927,18,R,2013-01-03 22:00:00,T,2013-01-04 01:12:00,SJU
928,16,L,2013-01-03 22:00:00,I,2013-01-03 22:46:00,BTV
929,14,C,2013-01-03 21:00:00,M,2013-01-03 22:20:00,RDU
930,17,R,2013-01-03 20:00:00,I,2013-01-03 21:30:00,CVG
931,3,V,2013-01-03 22:00:00,O,2013-01-03 22:47:00,PWM
932,5,M,2013-01-03 22:00:00,K,2013-01-03 22:42:00,SYR
933,4,O,2013-01-03 22:00:00,S,2013-01-03 22:57:00,ROC
934,9,Y,2013-01-03 22:00:00,W,2013-01-03 22:54:00,BUF
935,19,R,2013-01-03 22:00:00,P,2013-01-03 22:38:00,BOS
936,1,X,2013-01-03 23:00:00,S,2013-01-04 02:19:00,PSE
937,9,B,2013-01-04 23:00:00,L,2013-01-05 02:14:00,SJU
938,7,Y,2013-01-04 22:00:00,U,2013-01-04 22:44:00,PWM
939,14,Y,2013-01-04 05:00:00,D,2013-01-04 07:39:00,MIA
940,13,L,2013-01-04 06:00:00,U,2013-01-04 08:25:00,PBI
941,5,J,2013-01-04 06:00:00,F,2013-01-04 08:32:00,TPA
942,11,D,2013-01-04 06:00:00,Y,2013-01-04 06:51:00,IAD
943,3,Q,2013-01-04 06:00:00,S,2013-01-04 08:34:00,FLL
944,12,I,2013-01-04 06:00:00,X,2013-01-04 08:21:00,MCO
945,10,Y,2013-01-04 06:00:00,X,2013-01-04 11:34:00,SFO
946,15,L,2013-01-04 06:00:00,F,2013-01-04 08:50:00,RSW
947,13,Y,2013-01-04 05:00:00,H,2013-01-04 10:07:00,LAX
948,19,Q,2013-01-04 05:00:00,M,2013-01-04 08:04:00,BQN
949,13,P,2013-01-04 06:00:00,U,2013-01-04 09:14:00,SJU
950,20,I,2013-01-04 06:00:00,H,2013-01-04 07:29:00,CLT
951,2,N,2013-01-04 06:00:00,P,2013-01-04 07:58:00,ATL
952,5,O,2013-01-04 06:00:00,J,2013-01-04 09:22:00,SJU
953,20,G,2013-01-04 06:00:00,P,2013-01-04 10:41:00,PHX
954,18,F,2013-01-04 06:00:00,H,2013-01-04 06:40:00,BOS
955,20,E,2013-01-04 06:00:00,U,2013-01-04 06:59:00,BUF
956,3,T,2013-01-04 06:00:00,R,2013-01-04 10:25:00,SLC
957,20,A,2013-01-04 06:00:00,M,2013-01-04 09:05:00,MSY
958,4,E,2013-01-04 06:00:00,D,2013-01-04 08:36:00,MCO
959,13,Q,2013-01-04 06:00:00,J,2013-01-04 10:42:00,LAS
960,19,S,2013-01-04 07:00:00,U,2013-01-04 12:18:00,LAX
961,12,C,2013-01-04 07:00:00,M,2013-01-04 12:42:00,SFO
962,20,L,2013-01-04 07:00:00,G,2013-01-04 09:36:00,MIA
963,19,V,2013-01-04 07:00:00,W,2013-01-04 09:43:00,FLL
964,5,Y,2013-01-04 07:00:00,Q,2013-01-04 12:22:00,LAX
965,4,J,2013-01-04 07:00:00,N,2013-01-04 09:54:00,FLL
966,7,D,2013-01-04 07:00:00,D,2013-01-04 13:10:00,SFO
967,19,U,2013-01-04 07:00:00,Z,2013-01-04 12:02:00,LAX
968,11,G,2013-01-04 07:00:00,V,2013-01-04 09:29:00,MCO
969,1,J,2013-01-04 07:00:00,S,2013-01-04 10:13:00,SJU
970,12,T,2013-01-04 07:00:00,D,2013-01-04 12:28:00,SFO
971,1,L,2013-01-04 07:00:00,N,2013-01-04 12:27:00,LAX
972,13,K,2013-01-04 07:00:00,I,2013-01-04 07:47:00,SYR
973,5,Q,2013-01-04 07:00:00,C,2013-01-04 07:58:00,ROC
974,5,S,2013-01-04 07:00:00,E,2013-01-04 12:19:00,SFO
975,16,K,2013-01-04 07:00:00,B,2013-01-04 12:34:00,SEA
976,5,Y,2013-01-04 07:00:00,P,2013-01-04 09:39:00,SRQ
977,17,O,2013-01-04 07:00:00,G,2013-01-04 12:43:00,SFO
978,20,L,2013-01-04 07:00:00,O,2013-01-04 08:09:00,PIT
979,5,F,2013-01-04 08:00:00,G,2013-01-04 10:32:00,MIA
980,5,V,2013-01-04 08:00:00,Y,2013-01-04 10:41:00,FLL
981,15,K,2013-01-04 07:00:00,K,2013-01-04 12:46:00,SFO
982,19,S,2013-01-04 08:00:00,B,2013-01-04 10:38:00,MSP
983,14,U,2013-01-04 08:00:00,V,2013-01-04 09:14:00,RDU
984,14,U,2013-01-04 08:00:00,Z,2013-01-04 10:42:00,FLL
985,19,Y,2013-01-04 08:00:00,D,2013-01-04 13:07:00,LAS
986,7,J,2013-01-04 08:00:00,C,2013-01-04 10:25:00,MCO
987,10,H,2013-01-04 08:00:00,I,2013-01-04 10:45:00,TPA
988,20,C,2013-01-04 08:00:00,O,2013-01-04 10:04:00,ORD
989,1,F,2013-01-04 08:00:00,B,2013-01-04 08:42:00,BOS
990,4,K,2013-01-04 08:00:00,J,2013-01-04 11:36:00,STT
991,7,N,2013-01-04 08:00:00,J,2013-01-04 09:30:00,CLT
992,20,W,2013-01-04 08:00:00,A,2013-01-04 09:00:00,BUF
993,16,P,2013-01-04 08:00:00,J,2013-01-04 13:12:00,SAN
994,19,N,2013-01-04 08:00:00,U,2013-01-04 11:17:00,SJU
995,8,I,2013-01-04 08:00:00,Q,2013-01-04 08:51:00,DCA
996,10,D,2013-01-04 08:00:00,P,2013-01-04 09:27:00,CLT
997,4,I,2013-01-04 08:00:00,G,2013-01-04 08:40:00,BWI
998,7,Z,2013-01-04 08:00:00,A,2013-01-04 12:01:00,SJU
999,16,V,2013-01-04 08:00:00,T,2013-01-04 09:17:00,RDU
1000,1,I,2013-01-04 08:00:00,G,2013-01-04 09:17:00,PIT
